Symbol,Series,Date,Prev Close,Open Price,High Price,Low Price,Last Price,Close Price,Average Price,Total Traded Quantity,Turnover,No. of Trades,Deliverable Qty,% Dly Qt to Traded Qty
INFY,EQ,3-Dec-18,667.45,673.15,679,665.95,672.45,670.35,670.58,8260890,5539597359,103845,6137214,74.29
INFY,EQ,4-Dec-18,670.35,672.55,688.25,671.3,683,685.25,682.83,7827923,5345133354,129170,4357939,55.67
INFY,EQ,5-Dec-18,685.25,683,683.65,672.5,682.05,681.4,678.97,5177288,3515206694,96257,3101033,59.9
INFY,EQ,6-Dec-18,681.4,676.1,685.45,664.55,669.7,668.5,672.12,8039771,5403659738,229269,3922722,48.79
INFY,EQ,7-Dec-18,668.5,672,685.75,665.6,681,682.8,679.07,5553948,3771508979,125999,3024829,54.46
INFY,EQ,10-Dec-18,682.8,669.9,683.8,665.2,670.3,669.2,671.47,5121196,3438717513,119910,3114377,60.81
INFY,EQ,11-Dec-18,669.2,669.2,681.9,660.6,673.25,674.5,672.27,7120933,4787161579,204697,3767399,52.91
INFY,EQ,12-Dec-18,674.5,677.1,680.65,670.6,678.1,678.5,675.12,6926183,4675985776,92411,3725735,53.79
INFY,EQ,13-Dec-18,678.5,682,700,680,695.35,697.75,690.27,7521474,5191853566,187302,4679887,62.22
INFY,EQ,14-Dec-18,697.75,697.45,713.7,694.4,706.15,706.05,705.93,9560576,6749101215,158039,4777005,49.97
INFY,EQ,17-Dec-18,706.05,711.85,711.85,692.75,692.75,694.4,697.79,4778465,3334376899,95026,2319758,48.55
INFY,EQ,18-Dec-18,694.4,686.5,686.5,674.55,677,676.6,679.65,8021298,5451686819,191277,4277069,53.32
INFY,EQ,19-Dec-18,676.6,671.55,671.55,661.1,664.6,664.85,665.07,8295459,5517046525,263253,4781304,57.64
INFY,EQ,20-Dec-18,664.85,660,671.55,656.4,666.9,667.05,664.34,11705260,7776239037,237519,6351199,54.26
INFY,EQ,21-Dec-18,667.05,659.5,659.5,643.45,646.55,646.2,651.1,12802132,8335493758,228130,6537301,51.06
INFY,EQ,24-Dec-18,646.2,657,658.8,647.6,648.5,649,652.59,8379825,5468562526,140084,3230709,38.55
INFY,EQ,26-Dec-18,649,647,647,637.35,643.9,644.05,641.76,6178552,3965160752,129003,3192480,51.67
INFY,EQ,27-Dec-18,644.05,652.75,663.25,649,656.35,656.8,658.16,15333902,10092126951,182988,7084546,46.2
INFY,EQ,28-Dec-18,656.8,663.35,663.5,653.3,656.1,656.95,658.29,4736598,3118076702,105527,2225579,46.99
INFY,EQ,31-Dec-18,656.95,660,662,655.8,659.6,658.95,659.27,3373319,2223919550,65442,1517551,44.99
INFY,EQ,1-Jan-19,658.95,660.95,666.3,654.15,665.95,665.05,660.66,2943390,1944579423,45422,1282161,43.56
INFY,EQ,2-Jan-19,665.05,666,674,662.05,668,669.05,669.97,7416655,4968962633,108094,3880800,52.33
INFY,EQ,3-Jan-19,669.05,672,677,663.1,668,669.15,669.66,6827249,4571929258,125781,3676359,53.85
INFY,EQ,4-Jan-19,669.15,671.75,673.9,651,660.25,661.05,660.17,7889310,5208304589,187590,3747741,47.5
INFY,EQ,7-Jan-19,661.05,665,673.6,661.5,671.7,671.7,667.51,8046340,5370973787,132736,4711672,58.56
INFY,EQ,8-Jan-19,671.7,674.95,677.45,668.55,670,670.05,672.86,8621545,5801122720,134369,5652959,65.57
INFY,EQ,9-Jan-19,670.05,686.2,689.8,664,675.6,676.1,678.41,18130292,12299738075,314702,8029281,44.29
INFY,EQ,10-Jan-19,676.1,681.6,682,672.55,680.8,679.7,677.63,9572493,6486610276,141449,6064060,63.35
INFY,EQ,11-Jan-19,679.7,680.2,685.5,672.5,684.35,683.5,679.18,12281903,8341603861,159694,6409592,52.19
INFY,EQ,14-Jan-19,683.5,707,710.2,695.95,701.3,701.9,701.27,19312937,13543620376,289248,7316609,37.88
INFY,EQ,15-Jan-19,701.9,707.2,730,707.2,728.3,726.6,721.52,19671304,14193222353,285205,8770235,44.58
INFY,EQ,16-Jan-19,726.6,729.9,737.8,728.5,735.95,736.8,734.12,9658944,7090838080,175301,3769918,39.03
INFY,EQ,17-Jan-19,736.8,735.8,739,729.1,733.2,733.35,733.06,6903771,5060865130,155361,3662842,53.06
INFY,EQ,18-Jan-19,733.35,730,736.2,726.3,734,730.95,730.43,5902151,4311101798,117506,3555997,60.25
INFY,EQ,21-Jan-19,730.95,738.2,751,734,743.25,745,744.87,8129422,6055327086,207759,4205100,51.73
INFY,EQ,22-Jan-19,745,741.25,749,734,747,745.35,739.94,6723375,4974904339,184880,4348471,64.68
INFY,EQ,23-Jan-19,745.35,742.35,742.6,729.2,731.65,731.65,735.7,7212099,5305910422,114457,4265475,59.14
INFY,EQ,24-Jan-19,731.65,728.1,736.1,721,734,732,727.66,7429783,5406365018,138534,3721327,50.09
INFY,EQ,25-Jan-19,732,728,737.9,724.25,730.3,730.35,731.7,5543112,4055912046,86157,3056302,55.14
INFY,EQ,28-Jan-19,730.35,731,732.6,719,731,727.95,725.12,7944693,5760882919,128705,5442114,68.5
INFY,EQ,29-Jan-19,727.95,725.5,732.85,716.5,730.05,727.9,721.76,6760819,4879714903,137242,4100300,60.65
INFY,EQ,30-Jan-19,727.9,727.9,734.8,721.1,724.3,725.9,726.45,5763026,4186556192,125751,3267862,56.7
INFY,EQ,31-Jan-19,725.9,726,751.3,726,750,749.55,744.47,13825233,10292423935,265809,8145259,58.92
INFY,EQ,1-Feb-19,749.55,751.35,762.5,744.5,756.7,757.05,753.37,6276585,4728608322,119145,2274954,36.25
INFY,EQ,4-Feb-19,757.05,757,762.5,749.2,755.9,755.9,754.39,3945391,2976361897,110537,1894178,48.01
INFY,EQ,5-Feb-19,755.9,747,759.95,747,755,754.85,753.48,4694366,3537094843,98651,2610466,55.61
INFY,EQ,6-Feb-19,754.85,755.55,766.95,754.35,763.75,763.3,762.75,5880482,4485360735,150791,3188901,54.23
INFY,EQ,7-Feb-19,763.3,763.05,769.45,761,763,764,766.2,3961797,3035522378,102039,2154773,54.39
INFY,EQ,8-Feb-19,764,760,772.25,754.9,760.9,760.9,763.4,5915169,4515625944,92824,2722938,46.03
INFY,EQ,11-Feb-19,760.9,766.9,768.75,759,760.45,762.8,764.82,5500216,4206653296,101154,3149841,57.27
INFY,EQ,12-Feb-19,762.8,760.35,760.35,741,750.4,750.45,748.38,7310690,5471189241,148513,3259568,44.59
INFY,EQ,13-Feb-19,750.45,750.1,759.7,743.65,754,754.9,753.01,5050182,3802821368,133702,2418277,47.88
INFY,EQ,14-Feb-19,754.9,751,753,737.25,740.35,740.05,745.6,4610535,3437611370,113149,2466085,53.49
INFY,EQ,15-Feb-19,740.05,742.3,746.5,732.6,742.05,741.95,739.44,5586389,4130795666,93850,2900003,51.91
INFY,EQ,18-Feb-19,741.95,742.35,747.65,736,741,741.05,739.9,5346825,3956112148,105532,3060004,57.23
INFY,EQ,19-Feb-19,741.05,739.1,740.55,721.3,724,724.3,726.7,9401334,6831940831,124664,4041288,42.99
INFY,EQ,20-Feb-19,724.3,727,743,726.05,740.55,740.7,734.78,5210675,3828686486,130965,2558375,49.1
INFY,EQ,21-Feb-19,740.7,738,738,727.1,734,733.45,732.23,7202786,5274097399,151794,4504900,62.54
INFY,EQ,22-Feb-19,733.45,732.5,738.2,728,734.9,734.95,733.71,3750833,2752041713,99246,1775166,47.33
INFY,BL,25-Feb-19,1220.15,734.95,734.95,734.95,734.95,734.95,734.95,1263230,928410888.5,1,0,0
INFY,EQ,25-Feb-19,734.95,735.55,758,735.55,755,754.9,749.2,6547552,4905413918,155205,3296211,50.34
INFY,EQ,26-Feb-19,754.9,748.6,752.6,740.15,741.55,742.5,745.77,8319610,6204521714,188778,5101741,61.32
INFY,EQ,27-Feb-19,742.5,745,746.4,732.75,734.5,735.25,738.56,5936354,4384324580,181469,3554571,59.88
INFY,EQ,28-Feb-19,735.25,738.7,742.4,732.3,734.7,734.3,735.59,8559921,6296619714,142436,4612032,53.88
INFY,EQ,1-Mar-19,734.3,735.5,743.4,735.5,741.8,741.9,740,3998826,2959115940,86883,2141670,53.56
INFY,EQ,5-Mar-19,741.9,740.5,742.5,730.25,732.75,732.5,734.79,4826505,3546464354,187167,2953053,61.18
INFY,EQ,6-Mar-19,732.5,736.1,736.1,727,732.25,732.5,732.02,6076668,4448254459,201307,3216638,52.93
INFY,EQ,7-Mar-19,732.5,734,734.5,720.55,723.3,722.95,724.84,5951551,4313906550,132988,3097595,52.05
INFY,EQ,8-Mar-19,722.95,722.95,722.95,710.65,713.2,712.35,714.77,7193994,5142023172,154378,3414734,47.47
INFY,EQ,11-Mar-19,712.35,713.3,718.5,709.4,711.05,711.25,712.07,9932198,7072398151,173911,6593102,66.38
INFY,EQ,12-Mar-19,711.25,709,714.95,705.6,706.75,706.95,708.99,11997387,8505977967,224748,8806754,73.41
INFY,EQ,13-Mar-19,706.95,710,718.6,706.3,709,708.45,710.81,11348867,8066893617,183506,5754904,50.71
INFY,EQ,14-Mar-19,708.45,714,714.9,706.2,708.45,708.35,710.02,6415187,4554911141,158840,3794127,59.14
INFY,EQ,15-Mar-19,708.35,712,723.75,709.6,720,718.55,717.57,14638664,10504207795,174230,9286884,63.44
INFY,EQ,18-Mar-19,718.55,721.55,723.7,705.35,709.5,710.2,715,8065544,5766884632,169894,4656010,57.73
INFY,EQ,19-Mar-19,710.2,712.8,726.5,707.4,725.9,722.25,715.22,8917337,6377897941,165399,5704607,63.97
INFY,EQ,20-Mar-19,722.25,727.25,742.3,727.15,737.8,738.95,737.53,13471173,9935368276,368666,6929551,51.44
INFY,BL,22-Mar-19,734.95,738.95,738.95,738.95,738.95,738.95,738.95,1727935,1276857568,1,1727935,100
INFY,EQ,22-Mar-19,738.95,745,746.35,732.3,745,743.1,741.4,8883260,6586009783,186950,5182729,58.34
INFY,EQ,25-Mar-19,743.1,742.4,742.4,730.55,733.95,735.25,735.24,7644966,5620907955,150353,4078146,53.34
INFY,EQ,26-Mar-19,735.25,735.25,735.25,719.1,727.8,727.75,724.65,9406261,6816221095,220918,5868934,62.39
INFY,EQ,27-Mar-19,727.75,730,732.3,727.15,728.9,729.7,730.32,7387487,5395199921,122789,5505910,74.53
INFY,EQ,28-Mar-19,729.7,730,745,730,739.1,737.8,739.73,9277241,6862616741,187881,5521081,59.51
INFY,EQ,29-Mar-19,737.8,743.9,747.95,740,742.15,743.85,743.49,6924061,5147991154,155083,4592403,66.33
INFY,EQ,1-Apr-19,743.85,742,760,742,753.75,755.1,754.32,6584982,4967199560,149150,3788889,57.54
INFY,EQ,2-Apr-19,755.1,759,765.8,754.6,755,759.4,760.56,7283600,5539625143,169885,4249666,58.35
INFY,EQ,3-Apr-19,759.4,756,758.5,746.8,751.65,753.3,752.48,6897127,5189955761,200625,4213270,61.09
INFY,EQ,4-Apr-19,753.3,751.4,753.8,745.1,748.95,747.9,748.43,7688525,5754345633,178872,5138276,66.83
INFY,EQ,5-Apr-19,747.9,750.9,760.95,748,759.55,759.3,758.69,6276040,4761576373,148065,3851738,61.37
INFY,EQ,8-Apr-19,759.3,763.05,770,755.4,769.15,767.25,762.8,4919911,3752910224,143815,2380635,48.39
INFY,EQ,9-Apr-19,767.25,770,773,758.2,760.8,760.6,765.16,6730692,5150087735,146107,3353329,49.82
INFY,EQ,10-Apr-19,760.6,764,766.7,751.3,752.85,752.7,759.53,7031088,5340336511,134089,4201714,59.76
INFY,EQ,11-Apr-19,752.7,751.75,751.75,740.05,743.4,742.7,744.27,8200995,6103734443,158348,5047043,61.54
INFY,EQ,12-Apr-19,742.7,743.1,751.55,740.6,748,747.75,746.82,7043212,5260021361,165165,2587611,36.74
INFY,EQ,15-Apr-19,747.75,724.7,731.35,712.6,728.2,727.5,724.58,31574803,22878628207,566543,16753549,53.06
INFY,EQ,16-Apr-19,727.5,727.9,727.9,714.1,724,724.1,722.4,12524411,9047646706,343101,7260034,57.97
INFY,EQ,18-Apr-19,724.1,722.5,722.5,712.75,715.7,717.05,716.8,13801105,9892653589,302789,8498108,61.58
INFY,EQ,22-Apr-19,717.05,717.05,725.75,715,721.3,721.05,721.04,6455426,4654646597,115955,3535056,54.76
INFY,EQ,23-Apr-19,721.05,723.9,730,718.4,725.8,728.2,726.32,5516668,4006855184,130836,2893716,52.45
INFY,EQ,24-Apr-19,728.2,728.2,737.9,724,735,736.45,733.43,8285120,6076539568,174385,4993503,60.27
INFY,EQ,25-Apr-19,736.45,736.45,737.65,727.05,730.05,728.55,730.72,8005235,5849611510,174336,5361863,66.98
INFY,EQ,26-Apr-19,728.55,731,739.8,729,738.6,738,736.11,6895168,5075636518,151426,4168443,60.45
INFY,EQ,30-Apr-19,738,738,753.8,738,748.85,751.35,748.61,9920046,7426241722,165676,6888736,69.44
INFY,EQ,2-May-19,751.35,747,748.4,729.5,730.8,730.8,738.19,6351352,4688477303,115522,4071262,64.1
INFY,EQ,3-May-19,730.8,722.9,731,718.2,723.65,723.6,725.26,6348116,4604058031,133663,3735602,58.85
INFY,EQ,6-May-19,723.6,715,721.8,710.65,717.15,718.4,718.07,8858265,6360864406,148896,6519864,73.6
INFY,EQ,7-May-19,718.4,720.4,727.9,718.7,724.4,724.55,724.51,5747536,4164126683,104342,3690425,64.21
INFY,EQ,8-May-19,724.55,721,726,716.5,718.95,719.35,721.65,6247642,4508602896,162077,3950857,63.24
INFY,EQ,9-May-19,719.35,719.15,730.3,715.8,722,721.05,724.48,7396525,5358635227,242225,4808832,65.01
INFY,EQ,10-May-19,721.05,720.8,726,715,716.5,716.85,717.88,8352335,5995942203,181229,5545377,66.39
INFY,EQ,13-May-19,716.85,716.55,726.45,712.1,718,719.7,720.09,6808993,4903097929,201194,4745909,69.7
INFY,EQ,14-May-19,719.7,716.5,717.75,703.6,713.6,713.85,711.18,10513001,7476675551,252851,7129503,67.82
INFY,EQ,15-May-19,713.85,714.9,725.2,712.6,715.35,716.1,719.58,6668929,4798849589,139499,4056532,60.83
INFY,EQ,16-May-19,716.1,720,737,719.1,733.15,733.1,730.03,6468556,4722270061,137776,3183434,49.21
INFY,EQ,17-May-19,733.1,733.15,735.8,720.1,724.5,723.9,725.44,8155948,5916646101,126562,4816902,59.06
INFY,EQ,20-May-19,723.9,719.7,726.4,706,721.3,722.4,719.31,11213708,8066098169,209544,6433842,57.37
INFY,EQ,21-May-19,722.4,722.65,722.65,707.7,709.25,709.3,712.09,8645535,6156377506,170212,5649250,65.34
INFY,EQ,22-May-19,709.3,710,718.25,707,709.95,709.75,712.73,5795713,4130757868,141566,3096074,53.42
INFY,EQ,23-May-19,709.75,715,716.7,697.45,703.8,701.05,708.67,7233736,5126301904,176571,3889064,53.76
INFY,EQ,24-May-19,701.05,703.8,711.75,700.45,709,709.2,706.58,7016424,4957669574,143196,4530623,64.57
INFY,EQ,27-May-19,709.2,707.4,713.8,705.5,709.5,708.1,711.8,10247544,7294165659,89920,5823443,56.83
INFY,EQ,28-May-19,708.1,712,733.45,709.8,726.25,728.1,725.58,23860490,17312718820,195730,15894106,66.61
INFY,EQ,29-May-19,728.1,725.5,733.65,723.65,727,727.8,729.38,10293077,7507528235,121851,6211165,60.34
INFY,EQ,30-May-19,727.8,727,737.25,722.55,732.6,733.55,733.51,15089296,11068104089,149521,10063526,66.69
INFY,EQ,31-May-19,733.55,736.5,742.95,733.2,737,737.75,737.91,8290306,6117494485,138065,5107111,61.6
INFY,EQ,3-Jun-19,737.75,729.8,750.9,729,745.15,744.65,742.27,7744761,5748728043,97774,4539082,58.61
INFY,EQ,4-Jun-19,744.65,737.25,739.45,733.15,734.9,735.3,736.49,11733702,8641713183,109238,7602995,64.8
INFY,EQ,6-Jun-19,735.3,736.5,744.65,733.65,735.5,735.6,736.86,7563925,5573564234,124258,4651412,61.49
INFY,EQ,7-Jun-19,735.6,735.85,743.95,735.85,738.5,739.1,739.65,3218358,2380445779,98025,1674267,52.02
INFY,EQ,10-Jun-19,739.1,740.1,754.1,740.1,753,753.5,751.37,4435148,3332437616,124012,2155368,48.6
INFY,EQ,11-Jun-19,753.5,755,759,750.5,754,754.9,754.71,5733127,4326875501,131848,3559140,62.08
INFY,EQ,12-Jun-19,754.9,756.95,756.95,745,753,753.8,750.69,8738342,6559815655,169526,5682249,65.03
INFY,EQ,13-Jun-19,753.8,740,747.2,740,742.2,742.65,743.56,4808577,3575457338,97174,2798082,58.19
INFY,EQ,14-Jun-19,742.65,743.85,745.5,738.25,739.6,740.45,741.51,5556353,4120112207,105007,3805500,68.49
INFY,EQ,17-Jun-19,740.45,743,744.5,737.8,739.05,740.55,741.8,3085588,2288895910,72650,1868593,53.99
INFY,EQ,18-Jun-19,740.55,740.2,752.45,740.2,751.45,750.15,749.2,6202838,4647146093,150082,3888747,60.13
INFY,EQ,19-Jun-19,750.15,752.5,755.4,748.6,751.95,751.9,751.2,4596253,3452713824,91764,2914377,63.41
INFY,EQ,20-Jun-19,751.9,737.8,756.9,735.9,754.95,754.9,749.22,7148684,5355932052,113630,4190645,58.62
INFY,EQ,21-Jun-19,754.9,755,755,747.15,751.75,750.2,750.28,13200318,9903909135,122666,10426131,78.98
INFY,EQ,24-Jun-19,750.2,751.9,751.9,742.65,745,745.5,747.99,4758178,3559059442,70416,2725979,57.29
INFY,EQ,25-Jun-19,745.5,744,750.9,737.3,745.45,748.1,744.67,3677911,2738811697,118947,2194892,59.68
INFY,EQ,26-Jun-19,748.1,743,751.45,738,739.4,739.2,743.56,5447130,4050265777,98489,3316971,60.89
INFY,EQ,27-Jun-19,739.2,742,744.7,728.15,731.7,730.55,733.31,11122346,8156165447,145135,7204390,64.77
INFY,EQ,28-Jun-19,730.55,735.5,739.5,728.5,731.7,732,732.85,5919494,4338124834,116890,3739343,63.17
INFY,EQ,1-Jul-19,732,735,737.5,729.85,731.7,731.3,733.32,3224968,2364922428,101260,1828013,56.68
INFY,EQ,2-Jul-19,731.3,734,741.65,730.1,739.5,740,734.99,4837606,3555605380,88954,3304104,68.3
INFY,EQ,3-Jul-19,740,741,743.2,730,731.7,731.3,736.8,5958379,4390116575,133416,3450978,57.92
INFY,EQ,4-Jul-19,731.3,729,736.4,728.6,732.5,733.8,733.38,3274064,2401148622,97167,1912727,58.42
INFY,EQ,5-Jul-19,733.8,735,736.4,713.5,718,718,723.71,4926289,3565194468,113048,2508334,50.92
INFY,EQ,8-Jul-19,718,716.45,724.95,712.3,717.2,717.6,717.2,7177092,5147414056,111837,4729332,65.89
INFY,EQ,9-Jul-19,717.6,718,719.85,709.05,713.8,715.5,713.79,5022638,3585086283,121716,3127520,62.27
INFY,EQ,10-Jul-19,715.5,709,722.7,706.5,717.55,717.25,716.16,7573816,5424075999,130598,4573427,60.38
INFY,EQ,11-Jul-19,717.25,719.45,723.5,709.6,722.4,721.5,716.61,6252688,4480742890,104709,3347756,53.54
INFY,EQ,12-Jul-19,721.5,722.5,730.6,719.6,730.05,726.75,724.08,7874441,5701708861,122936,4012131,50.95
INFY,EQ,15-Jul-19,726.75,763,781.65,754.2,779.4,779.35,769.12,31064152,23891946222,665352,12612049,40.6
INFY,EQ,16-Jul-19,779.35,777,787.8,776,782.9,784.85,782.56,9924322,7766341596,231682,4334802,43.68
INFY,EQ,17-Jul-19,784.85,783.9,795,776.75,794,794.15,789.65,6754348,5333567144,159078,3125761,46.28
INFY,EQ,18-Jul-19,794.15,789.05,798.5,786.2,791.75,792.7,793.85,6534471,5187412944,148380,3373686,51.63
INFY,EQ,19-Jul-19,792.7,788.7,794.5,781.25,785,785.4,786.53,6812754,5358405148,96268,4152096,60.95
INFY,EQ,22-Jul-19,785.4,785.95,792,782.05,784.1,784.4,787.13,7107151,5594276879,132725,4990428,70.22
INFY,EQ,23-Jul-19,784.4,787,804,785.55,790,790.05,795.33,10782564,8575674727,207585,6306627,58.49
INFY,EQ,24-Jul-19,790.05,788,793.75,783.6,786.65,786.3,786.78,5745146,4520166052,236924,3675199,63.97
INFY,EQ,25-Jul-19,786.3,788.25,800.2,787.65,792.9,794.5,793.82,9773568,7758491817,259756,6336962,64.84
INFY,EQ,26-Jul-19,794.5,792.3,795,782.2,789.5,787,786.88,4941763,3888567432,201172,2730307,55.25
INFY,EQ,29-Jul-19,787,789.5,796.95,786.2,791.85,791.45,790.84,6244316,4938229661,190597,3623676,58.03
INFY,EQ,30-Jul-19,791.45,791.9,797.8,788.55,791.65,792.7,793.92,8673253,6885836889,193679,6033235,69.56
INFY,EQ,31-Jul-19,792.7,790.85,799.8,781.6,795,793.65,792.38,7350584,5824475368,209577,4494630,61.15
INFY,EQ,1-Aug-19,793.65,786.45,788.4,764.4,770.25,768.85,774.33,10066407,7794755234,216329,6020077,59.8
INFY,EQ,2-Aug-19,768.85,765.05,779.9,762.25,774.75,775.6,770.48,10838336,8350680485,227612,6835374,63.07
INFY,EQ,5-Aug-19,775.6,772.6,785.9,768.65,776.8,776.7,777.83,9976238,7759839281,281736,6166468,61.81
INFY,EQ,6-Aug-19,776.7,778.8,783.7,769.8,775.3,774.45,776.57,9331718,7246765644,199427,6512914,69.79
INFY,EQ,7-Aug-19,774.45,778.9,783.45,772.35,776.05,776.1,778.99,5130457,3996582934,157512,2955139,57.6
INFY,EQ,8-Aug-19,776.1,782.7,792.75,781.25,787.1,788.75,787.81,8009009,6309550990,171889,5162652,64.46
INFY,EQ,9-Aug-19,788.75,792,796.75,784.8,790,789.85,790.13,4362520,3446958075,77391,2308520,52.92
INFY,EQ,13-Aug-19,789.85,784.15,786,760.15,764,764.75,772.53,7517099,5807216873,161749,4223553,56.19
INFY,EQ,14-Aug-19,764.75,775.1,778.25,768,772.8,774.8,773.33,5940968,4594357881,154633,3539708,59.58
INFY,EQ,16-Aug-19,774.8,780,780.05,762.5,775,774.55,772.37,5128088,3960775632,125413,2822446,55.04
INFY,EQ,19-Aug-19,774.55,775.6,783,773.35,778,777.65,779.02,3881451,3023717275,107402,1930708,49.74
INFY,EQ,20-Aug-19,777.65,785.2,798,783.85,792.5,792.75,793.28,8435344,6691567043,140808,4388051,52.02
INFY,EQ,21-Aug-19,792.75,793,803.75,793,799.25,799.45,799.47,5926896,4738350175,154752,3200340,54
INFY,EQ,22-Aug-19,799.45,799.9,801.3,792.35,795.4,795.7,797,5222488,4162305017,136435,2970228,56.87
INFY,EQ,23-Aug-19,795.7,796.45,809.95,795.8,801.25,802.2,802.51,6895015,5533306730,151009,3671650,53.25
INFY,EQ,26-Aug-19,802.2,795.9,806.8,786.9,804.3,802.55,799.09,5412074,4324723248,141654,2928888,54.12
INFY,EQ,27-Aug-19,802.55,791,794.95,781.1,785.5,784.65,785.23,16061642,12612131007,242098,11517935,71.71
INFY,EQ,28-Aug-19,784.65,787.4,805,786.3,803.5,802.5,796.96,5881134,4687024731,113678,2578179,43.84
INFY,EQ,29-Aug-19,802.5,795.5,809.7,795.5,808.3,806.95,805.11,7830413,6304378192,117244,4155574,53.07
INFY,EQ,30-Aug-19,806.95,810,817.35,802,814.75,814.9,809.24,8174186,6614876749,144388,5362040,65.6
INFY,EQ,3-Sep-19,814.9,815,822.4,812.05,812.75,814.25,816.96,5647088,4613455970,109072,3392110,60.07
INFY,EQ,4-Sep-19,814.25,810.75,822.45,810.25,819.9,821.3,818.11,6199015,5071479097,124357,3728982,60.15
INFY,EQ,5-Sep-19,821.3,830.1,837.5,826.65,835.1,834.05,833,7926895,6603073399,242554,4640725,58.54
INFY,EQ,6-Sep-19,834.05,843.3,847,835.05,840.25,840.15,840.49,6106841,5132762932,171032,3425602,56.09
INFY,EQ,9-Sep-19,840.15,836.8,840.3,827.55,830,829.1,830.92,4377870,3637654796,122479,2606258,59.53
INFY,EQ,11-Sep-19,829.1,822.3,828.55,814.15,822.1,820.1,818.82,7981036,6535045006,162235,5625215,70.48
INFY,EQ,12-Sep-19,820.1,816.4,819.85,810.85,817.6,816.4,816.08,4400017,3590752490,110552,2680941,60.93
INFY,EQ,13-Sep-19,816.4,818.1,831.05,817.5,829.8,829.3,824.18,4832021,3982478489,93586,2458599,50.88
INFY,EQ,16-Sep-19,829.3,832.05,837.95,820.55,827.6,827.7,827.38,4846496,4009906892,137629,2537087,52.35
INFY,EQ,17-Sep-19,827.7,831.5,835,820.55,832.35,831.25,827.54,5540901,4585299188,135783,3521255,63.55
INFY,EQ,18-Sep-19,831.25,829.9,832.95,824,831.45,829.85,828.68,3199389,2651273644,115862,1381310,43.17
INFY,EQ,19-Sep-19,829.85,824.85,827,815.2,820.3,820.7,820.99,6601607,5419828833,120499,4322765,65.48
INFY,EQ,20-Sep-19,820.7,822.9,835,802,807.3,805,811.86,22462366,18236400807,277034,16113892,71.74
INFY,EQ,23-Sep-19,805,806.9,806.9,741.9,765,764.35,770.66,17279260,13316370233,423674,11307357,65.44
INFY,EQ,24-Sep-19,764.35,765,798.65,765,794,794.05,785.94,13717998,10781580308,236139,7761626,56.58
INFY,EQ,25-Sep-19,794.05,787.7,801,781.65,790.75,792.65,793.69,9313576,7392081925,257048,4911658,52.74
INFY,EQ,26-Sep-19,792.65,787.75,797,778.1,784.6,782.55,783.93,18442824,14457802893,178651,13292785,72.08
INFY,EQ,27-Sep-19,782.55,787.05,794.25,780.1,782.2,782.2,785.46,5087642,3996126505,161432,2830566,55.64
INFY,EQ,30-Sep-19,782.2,785.1,808,784.15,804.2,805.65,801.63,8178091,6555812643,156000,4430205,54.17
INFY,EQ,1-Oct-19,805.65,807,807.55,791.55,794.95,793.55,796.66,5881438,4685487403,172253,3614822,61.46
INFY,EQ,3-Oct-19,793.55,792.55,797.85,784.15,786.4,785.6,791.93,5497672,4353793070,166567,3384617,61.56
INFY,EQ,4-Oct-19,785.6,790,797.6,787.05,792.3,793.45,794.32,8201713,6514820231,114239,6218101,75.81
INFY,EQ,7-Oct-19,793.45,794.85,802,786.1,788.8,789.55,791.09,3679845,2911078095,118304,1978821,53.77
INFY,EQ,9-Oct-19,789.55,795.45,795.9,778.8,783.75,783.65,783.69,6335025,4964668558,148580,4154272,65.58
INFY,EQ,10-Oct-19,783.65,785.4,794.7,776.6,782.5,783.05,786.97,10402917,8186820532,123048,7300873,70.18
INFY,EQ,11-Oct-19,783.05,781.5,823.8,776.6,815,814.8,807.01,20636344,16653757511,318660,11225299,54.4
INFY,EQ,14-Oct-19,814.8,786.75,797,780,786.3,786.1,789.64,15150858,11963746230,308844,7057980,46.58
INFY,EQ,15-Oct-19,786.1,773.1,775.95,765,769,768.3,769.68,13762133,10592375903,298596,8337226,60.58
INFY,EQ,16-Oct-19,768.3,765.25,775.95,761.55,771,771.45,770.12,10767032,8291883881,258065,5624891,52.24
INFY,EQ,17-Oct-19,771.45,767,770.55,765.1,769.4,769.5,768.53,9860495,7578123004,202471,7175174,72.77
INFY,EQ,18-Oct-19,769.5,763.8,773.8,760,767.5,767.85,767.62,10037200,7704758992,187743,5535843,55.15
INFY,EQ,22-Oct-19,767.85,691.1,691.1,638.35,640,643.55,658.16,90152532,59334453057,1643015,57759158,64.07
INFY,EQ,23-Oct-19,643.55,630,656.65,615.1,650.35,650.6,643.94,60516887,38969147749,1059289,28705698,47.43
INFY,EQ,24-Oct-19,650.6,650,653.2,632,634.7,635.35,643.72,25666433,16521876123,393942,14070797,54.82
INFY,EQ,25-Oct-19,635.35,647,652.5,636,637.1,637.45,643.66,16549337,10652215420,327171,8298797,50.15
INFY,EQ,27-Oct-19,637.45,651.1,652.5,645.55,649.95,648.85,648.43,2945433,1909914669,67356,1646327,55.89
INFY,EQ,29-Oct-19,648.85,651,653.75,647,650.9,650.65,650.33,16709764,10866929875,309792,11733053,70.22
INFY,EQ,30-Oct-19,650.65,660.4,671.4,656.2,662.25,660.6,664.01,22879467,15192276718,319118,13197793,57.68
INFY,EQ,31-Oct-19,660.6,668.4,695.45,666.1,687,685.6,685.39,27405901,18783689652,424958,12137949,44.29
INFY,EQ,1-Nov-19,685.6,690,694,682.6,688.9,687.9,688.47,9713519,6687468933,181647,4209298,43.33
INFY,EQ,4-Nov-19,687.9,681.8,732.5,678.15,710.1,709,714.2,29381982,20984607124,384467,7483448,25.47
INFY,EQ,5-Nov-19,709,708.75,708.75,691.5,695.05,696.1,699.32,12897805,9019750145,204502,5126393,39.75
INFY,EQ,6-Nov-19,696.1,695.8,721.5,692,712.5,712.3,710.66,21372589,15188685234,344247,7762086,36.32
INFY,EQ,7-Nov-19,712.3,717,724.35,712.1,720.25,720.1,718.75,13733737,9871154253,205054,7318796,53.29
INFY,EQ,8-Nov-19,720.1,722,724.25,705.5,708.3,708.15,716.33,8585630,6150137780,114589,4349437,50.66
INFY,EQ,11-Nov-19,708.15,698.9,707.2,698,703.1,704.4,703.64,6951494,4891336200,118370,3050177,43.88
INFY,EQ,13-Nov-19,704.4,696.5,700,687.75,691.45,691.35,695.08,9973690,6932539254,182739,4810242,48.23
INFY,EQ,14-Nov-19,691.35,696.35,709.8,696.35,705.05,705.3,705.92,10539902,7440318352,172258,4673617,44.34
INFY,EQ,15-Nov-19,705.3,709.05,712.95,702.3,704.6,703.9,705.52,7362623,5194471562,122419,4660400,63.3
INFY,EQ,18-Nov-19,703.9,705,710,699.3,709.9,705.2,703.53,7490916,5270093826,140015,4896848,65.37
INFY,EQ,19-Nov-19,705.2,709.9,714,705,712.8,712.85,710.87,6495885,4617726814,127941,3654389,56.26
INFY,EQ,20-Nov-19,712.85,712.8,715,705,713,713,710.95,6142171,4366791187,87462,3748676,61.03
INFY,EQ,21-Nov-19,713,715.5,721.45,710.5,712.15,713.25,714.88,9692973,6929352718,127699,6217311,64.14
INFY,EQ,22-Nov-19,713.25,711.75,712,685.1,692.95,693.2,693.38,14415826,9995652431,223156,5835762,40.48
INFY,EQ,25-Nov-19,693.2,693.35,705.15,693.2,699,698.1,698.13,7334511,5120436170,109264,3806774,51.9
INFY,EQ,26-Nov-19,698.1,705,707.25,686,692.6,690.6,693.08,27253106,18888701556,163058,18766289,68.86
INFY,EQ,27-Nov-19,690.6,694.25,697.65,690.1,696.15,695.75,694.39,3861635,2681478170,64039,2127806,55.1
INFY,EQ,28-Nov-19,695.75,699.1,703.35,694.05,701.45,701.85,698.53,4837683,3379270403,84619,2196270,45.4
INFY,EQ,29-Nov-19,701.85,700.9,702.3,691.55,695.8,696.35,695.72,4262379,2965402319,110226,2568211,60.25
INFY,EQ,28-Nov-19,695.75,699.1,703.35,694.05,701.45,701.85,698.53,4837683,3379270403,84619,2196270,45.4
INFY,EQ,29-Nov-19,701.85,700.9,702.3,691.55,695.8,696.35,695.72,4262379,2965402319,110226,2568211,60.25
INFY,EQ,2-Dec-19,696.35,703.1,704,690.3,692.75,692.7,693.51,9383736,6507684351,102880,7134359,76.03
INFY,EQ,3-Dec-19,692.7,692.7,699.7,688.55,699,698.35,696.23,5239013,3647553742,84499,2780779,53.08
INFY,EQ,4-Dec-19,698.35,697,710.5,693.35,708.25,708.85,706.09,7427886,5244767945,169304,3885827,52.31
INFY,EQ,5-Dec-19,708.85,706.45,715.9,703.8,714.1,714.85,712.06,4814422,3428139268,76989,1946177,40.42
INFY,EQ,6-Dec-19,714.85,715.95,720,709.6,714.5,715.1,715.43,5226096,3738886365,79319,2470841,47.28
INFY,EQ,9-Dec-19,715.1,716,722.35,714.25,716.05,717.25,718.66,6435865,4625177252,114112,3793800,58.95
INFY,EQ,10-Dec-19,717.25,713,718.5,710,713.45,714.55,715.42,4457939,3189284688,81372,2491263,55.88
INFY,EQ,11-Dec-19,714.55,716.6,722.7,713,720,721.05,718.49,6043554,4342244981,125702,3829712,63.37
INFY,EQ,12-Dec-19,721.05,718.5,720.7,699.55,702.1,702.1,706.03,11112042,7845417394,163350,4701874,42.31
INFY,EQ,13-Dec-19,702.1,700.35,712.9,700.35,711.5,711.3,708.5,10302412,7299214570,132030,5440986,52.81
INFY,EQ,16-Dec-19,711.3,712.3,720.2,710.2,714.25,714,715.89,5616324,4020694131,116838,3181046,56.64
INFY,EQ,17-Dec-19,714,719.7,731.25,715,730.5,729.7,726.51,10525565,7646917890,193372,5918984,56.23
INFY,EQ,18-Dec-19,729.7,731,737.3,722.75,733.4,732.45,732.13,12215295,8943242214,210673,6987100,57.2
INFY,EQ,19-Dec-19,732.45,733.5,735.95,724.6,732,730.85,729.59,7199210,5252474994,165219,3944237,54.79
INFY,EQ,20-Dec-19,730.85,731,735,728.25,730,731.55,731.45,7794167,5701077060,131404,4269114,54.77
INFY,EQ,23-Dec-19,731.55,732.15,737.3,731.65,735.95,736,734.61,4975608,3655128113,80052,3045794,61.21
INFY,EQ,24-Dec-19,736,736.95,736.95,728.3,734.25,733.4,732.75,2890759,2118192661,50306,1365090,47.22
INFY,EQ,26-Dec-19,733.4,732,734.55,726.55,729.5,728.95,730.42,3821806,2791528461,48763,2112825,55.28
INFY,EQ,27-Dec-19,728.95,729.75,737.5,728.85,736.55,736.95,734.36,3399094,2496171889,65467,1848140,54.37
INFY,EQ,30-Dec-19,736.95,736.1,737.95,727.25,732.5,732.9,732.53,5368416,3932522164,115398,3267316,60.86
INFY,EQ,31-Dec-19,732.9,729.7,737.75,725.45,732,731.15,732.75,6927885,5076419897,156522,2954104,42.64
INFY,EQ,1-Jan-20,731.15,735,740,732.55,739.35,736.85,735.35,2112415,1553368749,36769,561646,26.59
INFY,EQ,2-Jan-20,736.85,738.9,740.8,730.9,735.75,734.7,735.22,5658200,4160025336,102483,3413440,60.33
INFY,EQ,3-Jan-20,734.7,733.9,748,733.9,745,746,744.67,7882938,5870173302,105632,3682521,46.72
INFY,EQ,6-Jan-20,746,746.1,753.8,736.5,738.5,738.85,743.51,6519403,4847236982,129992,2871332,44.04
INFY,EQ,7-Jan-20,738.85,738,742.6,725.1,729.3,727.9,734.63,7899363,5803119825,189680,3976564,50.34
INFY,EQ,8-Jan-20,727.9,724.95,729,708.3,718.9,718.2,717.84,8639443,6201707522,232857,3579984,41.44
INFY,EQ,9-Jan-20,718.2,721.7,731.5,714.3,727.6,727.55,724.6,13521186,9797455292,161064,7560512,55.92
INFY,EQ,10-Jan-20,727.55,740.45,742.9,730.5,740,738.15,737.69,9341405,6891078451,145267,2641897,28.28
INFY,EQ,13-Jan-20,738.15,760,777.5,755,772.5,773.55,769.14,36952038,28421129305,753340,12985958,35.14
INFY,EQ,14-Jan-20,773.55,769.95,776.95,767.2,775.5,775.65,772.12,11414418,8813264899,289583,5736351,50.26
INFY,EQ,15-Jan-20,775.65,773.85,773.85,762.15,766.3,767.55,766.99,6047430,4638298219,96319,2874200,47.53
INFY,EQ,16-Jan-20,767.55,770.7,772.5,760.25,767.2,767,766.35,5740586,4399309409,93520,2546218,44.35
INFY,EQ,17-Jan-20,767,770.7,772.9,762.25,767.45,767.85,766.35,3762957,2883743850,98313,1716214,45.61
INFY,EQ,20-Jan-20,767.85,771.6,774.4,762.95,768.85,768.45,767.06,3887680,2982074924,81096,1987288,51.12
INFY,EQ,21-Jan-20,768.45,768.45,770.5,760.75,761.15,762.5,764.09,4448374,3398977857,83703,2831904,63.66
INFY,EQ,22-Jan-20,762.5,768.45,778,766,769.8,770.2,771.58,9733935,7510499148,148501,5309541,54.55
INFY,EQ,23-Jan-20,770.2,777.1,785.5,776.7,782.35,784.35,781.01,12528017,9784566375,197205,8696219,69.41
INFY,EQ,24-Jan-20,784.35,775.75,786.5,773.6,783,782.75,779.2,7540490,5875559436,131263,3499303,46.41
INFY,EQ,27-Jan-20,782.75,779.05,784.8,774.4,778.05,778.1,778.05,3741610,2911159552,102550,2126199,56.83
INFY,EQ,28-Jan-20,778.1,781,781.8,772,778,778,775.99,5121009,3973833552,108248,3281703,64.08
INFY,EQ,29-Jan-20,778,786.6,792.8,784.25,790,789.7,787.87,6832757,5383335132,83287,3600795,52.7
INFY,EQ,30-Jan-20,789.7,789.7,789.7,778,780.6,780.7,781.35,3859680,3015775801,98962,2022411,52.4
INFY,EQ,31-Jan-20,780.7,780.55,784.95,771.6,777.7,775.95,776.84,6092028,4732547587,72176,4123484,67.69
INFY,EQ,1-Feb-20,775.95,775.1,791.25,769.25,777,779.5,779.56,5104062,3978923967,105374,2846062,55.76
INFY,EQ,3-Feb-20,779.5,782,790.95,764.5,767.1,767.4,771.38,6416745,4949738299,132708,3721975,58
INFY,EQ,4-Feb-20,767.4,770.1,789.9,770.1,788.1,787.85,781.11,5771311,4508019532,126688,3493877,60.54
INFY,EQ,5-Feb-20,787.85,781,786,774.4,784.5,784.55,779.33,6310409,4917872804,142904,3754373,59.49
INFY,EQ,6-Feb-20,784.55,784.35,786.8,770,772,771.35,775.78,7341622,5695512989,133662,4417336,60.17
INFY,EQ,7-Feb-20,771.35,775.95,778.85,771,776,777.3,775.8,2853344,2213620888,53815,1395947,48.92
INFY,EQ,10-Feb-20,777.3,774,778,769.75,773,773.2,772.86,3827682,2958264287,50917,2548802,66.59
INFY,EQ,11-Feb-20,773.2,779,779.1,769.2,775,773.55,773.48,4312817,3335859223,83764,2771644,64.27
INFY,EQ,12-Feb-20,773.55,775.8,783.25,775.1,780.8,781.05,780.73,2948825,2302228797,80507,1455179,49.35
INFY,EQ,13-Feb-20,781.05,785,794,782.2,792.5,792.25,787.51,4387430,3455129906,80876,2182796,49.75
INFY,EQ,14-Feb-20,792.25,794.5,799.2,784.6,786.3,786.45,791.78,5321680,4213573743,103460,2627167,49.37
INFY,EQ,17-Feb-20,786.45,790.3,793.45,783.3,788.85,789.45,789.21,2929629,2312085827,69780,1441936,49.22
INFY,EQ,18-Feb-20,789.45,785,799.05,783.65,798.5,797.65,793.27,5083346,4032462344,103674,2672902,52.58
INFY,EQ,19-Feb-20,797.65,800,804.85,796.15,800.4,800.45,799.62,3985192,3186637946,79345,1993471,50.02
INFY,EQ,20-Feb-20,800.45,803.25,806.1,793.85,796.8,797,800.74,4564569,3655039599,94252,2324240,50.92
INFY,EQ,24-Feb-20,797,800.1,811.6,792.15,795.9,795.85,804.05,6627536,5328879150,130286,3283926,49.55
INFY,EQ,25-Feb-20,795.85,799,806,795.4,799.5,798.4,799.93,6996695,5596900401,114637,4262139,60.92
INFY,EQ,26-Feb-20,798.4,793.95,801.45,780.5,782.25,782.75,791.65,8760569,6935314353,168481,5489084,62.66
INFY,EQ,27-Feb-20,782.75,778,780.75,772.2,776.55,777.85,777.16,5223386,4059425155,100716,2619919,50.16
INFY,EQ,28-Feb-20,777.85,750,756.8,722.05,732,731.7,738.68,14123957,10433101671,277778,7459667,52.82
INFY,EQ,2-Mar-20,731.7,737,765.9,733.75,739.4,741.05,750.99,9821523,7375861532,155968,4844883,49.33
INFY,EQ,3-Mar-20,741.05,755,759,741.25,751,747,749.09,7826587,5862836381,136066,4215088,53.86
INFY,EQ,4-Mar-20,747,753.9,761.5,745.55,758,758.75,753.23,11013444,8295623047,155822,6465657,58.71
INFY,EQ,5-Mar-20,758.75,763.75,773.55,751.75,754.15,754.6,763.7,7755293,5922737657,124093,4825053,62.22
INFY,EQ,6-Mar-20,754.6,741,744,729.1,739,738.95,738.53,9216022,6806310521,147517,5388310,58.47
INFY,EQ,9-Mar-20,738.95,724.5,725.85,697,706.4,704.45,705.63,10308697,7274162430,180848,5907793,57.31
INFY,EQ,11-Mar-20,704.45,690.65,695.95,669.05,682.15,686,685.87,16165054,11087131349,233010,9214947,57.01
INFY,EQ,12-Mar-20,686,668,670,627.5,631,631.2,644.47,13965689,9000417645,265786,8493552,60.82
INFY,EQ,13-Mar-20,631.2,592,667,570,652.15,642.35,629,16903140,10632077963,286353,8864763,52.44
INFY,EQ,16-Mar-20,642.35,622,622.15,580,583.2,583.15,597.37,19140854,11434179964,462293,11600859,60.61
INFY,EQ,17-Mar-20,583.15,588.1,592,550,560,554.95,571.99,16060126,9186285698,359329,9211128,57.35
INFY,EQ,18-Mar-20,554.95,568,578,528,531.7,534.3,552.92,15391568,8510344347,235885,9021438,58.61
INFY,EQ,19-Mar-20,534.3,509.25,558,509.25,551.8,545.55,540.83,16584106,8969244995,313532,8412882,50.73
INFY,EQ,20-Mar-20,545.55,549.5,617.45,548,580.9,585.2,585.1,21356183,12495510371,407561,10083301,47.21
INFY,EQ,23-Mar-20,585.2,540,560.95,515.9,529.15,526.45,531.33,17146303,9110393753,258952,11879320,69.28
INFY,EQ,24-Mar-20,526.45,522,601.15,522,600,589.8,572.73,20029537,11471457437,434375,9764185,48.75
INFY,EQ,25-Mar-20,589.8,597,635,565.7,607,606.2,596.75,18339650,10944193384,429544,9319667,50.82
INFY,EQ,26-Mar-20,606.2,615,650.85,612.1,640,643,638.74,14868843,9497347855,291975,7217989,48.54
INFY,EQ,27-Mar-20,643,665.05,674.9,642.25,655,652.7,653.79,13495469,8823242465,262091,7165073,53.09
INFY,EQ,30-Mar-20,652.7,625.1,663.5,621.1,623.8,626.7,638.82,14625720,9343228364,230047,8560352,58.53
INFY,EQ,31-Mar-20,626.7,650,662,633.7,639.6,641.5,647.8,15175528,9830768498,279311,9018365,59.43
INFY,EQ,1-Apr-20,641.5,634.35,637.5,594,603.9,602.8,611.89,13083865,8005888361,379235,6575764,50.26
INFY,EQ,3-Apr-20,602.8,603.5,606,582.15,588.5,585.7,592.53,10221890,6056725608,261228,4711571,46.09
INFY,EQ,7-Apr-20,585.7,615,644.25,612.9,633.8,639,627.65,15146526,9506714566,260480,8846122,58.4
INFY,EQ,8-Apr-20,639,630,655.65,626.35,632.25,631.6,637.44,11806901,7526162136,235881,5570288,47.18
INFY,EQ,9-Apr-20,631.6,646.8,652.8,632.1,635.6,636.25,640.28,11931287,7639338597,232901,6022789,50.48
INFY,EQ,13-Apr-20,636.25,629,651.7,626.05,637,637.4,641.21,8330291,5341425789,232090,3845112,46.16
INFY,EQ,15-Apr-20,637.4,651.4,653.3,635.6,640,639.05,645.85,11963493,7726657237,278339,7111564,59.44
INFY,EQ,16-Apr-20,639.05,619.95,634.9,603.5,626.9,623.85,620.5,17783310,11034508895,254606,9056129,50.92
INFY,EQ,17-Apr-20,623.85,644,646,626,634.2,628.75,633.5,8878372,5624422628,220448,4596958,51.78
INFY,EQ,20-Apr-20,628.75,640,661,639,650.95,653.3,653.71,13322995,8709344590,220363,4044244,30.36
INFY,EQ,21-Apr-20,653.3,627.8,646.5,627.8,633,633.2,638.34,11660678,7443524923,195803,4120383,35.34
INFY,EQ,22-Apr-20,633.2,633.2,645,628.05,641.5,641.85,639.85,8267159,5289759466,148917,3705627,44.82
INFY,EQ,23-Apr-20,641.85,647.05,683.65,638.1,675,679.3,665.09,14451294,9611440871,225884,5794675,40.1
INFY,EQ,24-Apr-20,679.3,668.55,675,654.8,660.95,658,662.5,7319950,4849470612,162251,2433249,33.24
INFY,EQ,27-Apr-20,658,661.05,681,661.05,665.1,664.6,670.63,7183316,4817370468,143869,3225109,44.9
INFY,EQ,28-Apr-20,664.6,673,677,653.05,664.05,660.7,659.88,7296594,4814874279,128788,3379174,46.31
INFY,EQ,29-Apr-20,660.7,666,682,658,678,676.55,671.94,8639246,5805084866,175742,4181519,48.4
INFY,EQ,30-Apr-20,676.55,700,720,698.1,715.05,715.5,711.47,16254036,11564226726,277142,7694828,47.34
INFY,EQ,4-May-20,715.5,689.8,701.2,670.35,675.15,673.7,686.15,9122803,6259591493,177978,4829727,52.94
INFY,EQ,5-May-20,673.7,681.75,685.6,670,674.5,673.7,679.28,6393108,4342730627,132076,2677598,41.88
INFY,EQ,6-May-20,673.7,676.9,681.45,664.05,667,665.9,671.02,7934457,5324157713,211094,4131440,52.07
INFY,EQ,7-May-20,665.9,665.55,674.35,662.45,666.7,664.95,668.79,4779550,3196499217,93851,1338583,28.01
INFY,EQ,8-May-20,664.95,672.25,680.9,668.5,676,674.2,674.96,8400376,5669937480,206669,4255606,50.66
INFY,EQ,11-May-20,674.2,682.5,698.55,678,683.75,682.9,688.95,7370192,5077673284,157658,2796962,37.95
INFY,EQ,12-May-20,682.9,678.5,691,675.5,687,687.65,684.84,7356063,5037715533,165655,3084813,41.94
INFY,EQ,13-May-20,687.65,694.8,699.9,683.75,693.75,694.15,693.94,8287106,5750758216,156513,3445104,41.57
INFY,EQ,14-May-20,694.15,659,671.75,652.6,658.2,658.15,662.77,16888356,11193113876,284577,8182759,48.45
INFY,EQ,15-May-20,658.15,664.8,664.8,646.7,652.3,652.3,652.46,9255353,6038757599,159733,4310476,46.57
INFY,EQ,18-May-20,652.3,659.85,670.55,653,659.6,663.9,663.53,10435495,6924280885,160262,3755434,35.99
INFY,EQ,19-May-20,663.9,664,674.8,655,670,668.6,668.12,5902238,3943378544,121850,1988018,33.68
INFY,EQ,20-May-20,668.6,668.5,673,659.65,666,669.55,666.46,5795193,3862248244,104746,2267162,39.12
INFY,EQ,21-May-20,669.55,666.5,679.45,665.4,673,672.2,672.37,7214401,4850780460,122009,3469480,48.09
INFY,EQ,22-May-20,672.2,675,695.85,673.5,692,692.35,688.38,11867864,8169629532,201776,4330805,36.49
INFY,EQ,26-May-20,692.35,693,699.45,679,681.3,680.55,689.51,7099719,4895318484,122600,3121766,43.97
INFY,EQ,27-May-20,680.55,686.05,709.2,675,706.2,705.45,693.83,8774694,6088143746,155415,3437244,39.17
INFY,EQ,28-May-20,705.45,707,710,690,706,707.4,699.96,9440121,6607699864,141590,2657015,28.15
INFY,EQ,29-May-20,707.4,692.5,700.8,674.95,692,691,690.78,28291172,19543032832,241793,18169775,64.22
INFY,EQ,1-Jun-20,691,698.75,706.65,691.5,699.55,699.55,700.27,12276649,8596981340,166839,5306820,43.23
INFY,EQ,2-Jun-20,699.55,700.5,711.65,697.55,708.2,708.1,706.32,7059409,4986183795,123937,2883368,40.84
INFY,EQ,3-Jun-20,708.1,710.7,711.9,696,702.85,701.55,702.71,11378568,7995869972,179242,6410775,56.34
INFY,EQ,4-Jun-20,701.55,702,709.45,697.5,707.05,707.75,704.17,10783594,7593495551,134508,5936764,55.05
INFY,EQ,5-Jun-20,707.75,707,711.7,700.6,704.75,703.55,705.8,7718943,5448030852,124734,3191258,41.34
INFY,EQ,8-Jun-20,703.55,707.65,725.8,704,722.05,720.85,718.75,10719124,7704389373,180849,4477137,41.77
INFY,EQ,9-Jun-20,720.85,720,729.6,715.05,715.05,717.6,721.62,10078863,7273061785,173628,4004917,39.74
INFY,EQ,10-Jun-20,717.6,715,719.45,709.2,714.95,715.85,715.57,7263272,5197377191,121854,3458171,47.61
INFY,EQ,11-Jun-20,715.85,712,713.4,700.25,703.8,703.95,707.7,8825914,6246123986,140529,3918922,44.4
INFY,EQ,12-Jun-20,703.95,675.8,695.15,675.5,691,692.05,686.35,9796064,6723519558,165667,5002018,51.06
INFY,EQ,15-Jun-20,692.05,693,704.4,685.25,688.05,687.55,692.55,7857344,5441612327,105262,3195578,40.67
INFY,EQ,16-Jun-20,687.55,702,712,699.15,700,701.2,705.08,10132423,7144207775,170413,4145181,40.91
INFY,EQ,17-Jun-20,701.2,699.9,710.3,698,704.6,703.65,705.4,7291919,5143752646,136959,3882325,53.24
INFY,EQ,18-Jun-20,703.65,708.2,716.6,706,713.4,713.9,711.84,6670206,4748091716,174646,2816843,42.23
INFY,EQ,19-Jun-20,713.9,709,711.9,701,708.15,705.55,704.87,22438873,15816432220,266933,12233953,54.52
INFY,EQ,22-Jun-20,705.55,707.1,708.7,700,703.45,703.7,702.88,7804139,5485377026,145862,3545868,45.44
INFY,EQ,23-Jun-20,703.7,695.7,724.5,692.1,720,720.65,713.34,12157486,8672464910,203759,2111776,36.9
INFY,EQ,24-Jun-20,720.65,716.9,726.8,709.4,715.25,714.15,717.48,10220908,7333276140,147819,4902062,47.96
INFY,EQ,25-Jun-20,714.15,704.85,705.6,693.5,700.7,700.5,700.31,14945304,10466323460,214685,7828966,52.38
INFY,EQ,26-Jun-20,700.5,710.2,751.6,710,747,748.2,740.04,26030535,19263536479,378564,7836286,30.1
INFY,EQ,29-Jun-20,748.2,735.4,744.7,730.1,731.4,731.75,735.05,8954490,6582024856,128524,3107259,34.7
INFY,EQ,30-Jun-20,731.75,732.8,738.95,724.25,733.7,735.95,733.74,10411347,7639234133,140340,4686949,45.02
INFY,EQ,1-Jul-20,735.95,737.25,742.3,729.75,730.85,731.9,736.05,5477687,4031836580,101474,2540508,46.38
INFY,EQ,2-Jul-20,731.9,737.35,765.45,735.4,756,756.6,756.33,17263764,13057143719,207044,7512460,43.52
INFY,EQ,3-Jul-20,756.6,755,764,752.5,762.15,762.7,759.35,7796573,5920349097,148320,3290825,42.21
INFY,EQ,6-Jul-20,762.7,765.2,775,761.5,764.4,764,768.11,8811009,6767835779,180660,4031067,45.75
INFY,EQ,7-Jul-20,764,769.4,796.95,765.55,789.9,794.15,785.79,19362666,15215059540,321825,8292880,42.83
INFY,EQ,8-Jul-20,794.15,784.9,784.9,772.2,774.5,774.7,778.55,8476675,6599550757,145325,4024084,47.47
INFY,EQ,9-Jul-20,774.7,780,790,775,782.05,781.7,781.17,6854196,5354314428,130712,2894227,42.23
INFY,EQ,10-Jul-20,781.7,773.5,789.9,773.5,779.9,781.85,782.38,5206452,4073445026,94276,1519722,29.19
INFY,EQ,13-Jul-20,781.85,788,805.35,786.05,796.1,797.05,797.65,10804911,8618519870,150013,3446257,31.9
INFY,EQ,14-Jul-20,797.05,792.95,806.4,781.35,784.95,783.25,794.38,8961822,7119121563,139180,3289743,36.71
INFY,EQ,15-Jul-20,783.25,799,848.45,794.8,833.95,830.95,828.95,30060998,24919080835,376383,6598058,21.95
INFY,EQ,16-Jul-20,830.95,900.1,955.5,894.25,910,911,920.45,90433393,83239052701,936612,17589189,19.45
INFY,EQ,17-Jul-20,911,911,919.9,892.15,905.65,903.15,903.73,31682904,28632889196,432265,5450549,17.2
INFY,EQ,20-Jul-20,903.15,908.5,945,906.75,942.95,934.3,921.63,18421083,16977458353,242092,6137409,33.32
INFY,EQ,21-Jul-20,934.3,945,949.7,929.2,937.35,936.75,937.15,12877814,12068383201,209340,4740621,36.81
INFY,EQ,22-Jul-20,936.75,938.95,939,910,919.25,917.9,921.44,14354421,13226774281,191180,6908739,48.13
INFY,EQ,23-Jul-20,917.9,915.65,915.8,900.65,911.25,907.95,907.32,13052804,11843097056,203420,6886521,52.76
INFY,EQ,24-Jul-20,907.95,903.25,925.75,903.25,921.2,922.85,915.28,18209670,16666989754,240036,5807097,31.89
INFY,EQ,27-Jul-20,922.85,921.55,952.8,918.65,947.15,948.45,939.16,16828218,15804436677,278528,5906860,35.1
INFY,EQ,28-Jul-20,948.45,946,967.55,941.2,960.6,962.85,953.58,15819466,15085058374,220010,5480184,34.64
INFY,EQ,29-Jul-20,962.85,953.25,960,943.6,951.95,954.15,952.22,11152710,10619817806,212215,4338542,38.9
INFY,EQ,30-Jul-20,954.15,962,972.65,958.75,962.15,961.45,965.59,12492569,12062741577,222807,5962965,47.73
INFY,EQ,31-Jul-20,961.45,969.25,986.45,953.3,967.75,966,971.12,12704359,12337423708,195979,3201880,25.2
INFY,EQ,3-Aug-20,966,960,965.4,947.45,955.3,956.9,954.94,8480166,8098076651,164566,4108547,48.45
INFY,EQ,4-Aug-20,956.9,960.45,970.7,940.55,952,949.85,949.99,11133259,10576516986,166839,5087564,45.7
INFY,EQ,5-Aug-20,949.85,952,960.95,938.3,944.5,944.7,947.7,9616176,9113224805,170591,4213200,43.81
INFY,EQ,6-Aug-20,944.7,953.5,974.4,942.5,972,970.85,962.12,10976523,10560771158,202937,4515915,41.14
INFY,EQ,7-Aug-20,970.85,969.45,969.45,949,951.65,950.9,955.24,8010973,7652389955,159251,3116391,38.9
INFY,EQ,10-Aug-20,950.9,948.9,956.8,945.3,950.55,951.35,952.75,5716472,5446342904,102663,2546222,44.54
INFY,EQ,11-Aug-20,951.35,949.9,962,946.1,950.5,948.45,953.42,6802508,6485671475,92778,2448032,35.99
INFY,EQ,12-Aug-20,948.45,948,958.8,942.2,952.85,954.95,950.21,6908732,6564723271,89286,2560388,37.06
INFY,EQ,13-Aug-20,954.95,954.8,968.5,948.25,952.3,951.2,956.51,5097705,4876025984,87144,1882537,36.93
INFY,EQ,14-Aug-20,951.2,955.85,963,952.05,954.5,953.6,957.2,4663873,4464257395,88402,1975922,42.37
INFY,EQ,17-Aug-20,953.6,954.1,972.45,954.1,958.3,957.5,962.38,9008716,8669769420,140270,2894495,32.13
INFY,EQ,18-Aug-20,957.5,963.9,969.2,958.7,967.1,967.55,964.28,6142171,5922744205,119041,2806845,45.7
INFY,EQ,19-Aug-20,967.55,970.9,971.55,957.45,960,959.3,963.05,6622744,6378066101,125391,2957273,44.65
INFY,EQ,20-Aug-20,959.3,958.9,965.5,951.3,951.8,955.15,957.55,5656667,5416530384,123695,2160695,38.2
INFY,EQ,21-Aug-20,955.15,963.05,963.45,946.55,949.8,948.8,951.89,6513784,6200435489,123340,3987201,61.21
INFY,EQ,24-Aug-20,948.8,947,952,939.2,948.55,947.4,946.24,5798579,5486819045,153799,2986383,51.5
INFY,EQ,25-Aug-20,947.4,947.5,948.65,933.6,938.6,938.1,940.65,6233923,5863927590,105761,3116528,49.99
INFY,EQ,26-Aug-20,938.1,941.25,954.25,938.4,953.5,950.8,945.03,5153663,4870349606,114894,2282594,44.29
INFY,EQ,27-Aug-20,950.8,960,960.95,945.2,950.8,947.05,952.03,6154300,5859108364,124639,2632139,42.77
INFY,EQ,28-Aug-20,947.05,951.45,952.5,933.05,935.05,935.25,940.5,7593988,7142134781,180829,4654594,61.29
INFY,EQ,31-Aug-20,935.25,935.25,950.5,914.6,919.7,928.6,933.36,12808369,11954811845,206060,6793301,53.04
INFY,EQ,1-Sep-20,928.6,926.25,935,912.1,917.95,914.15,921.79,6907783,6367507048,117189,3811587,55.18
INFY,EQ,2-Sep-20,914.15,915,926.4,913.5,923.6,924,920.9,5678696,5229493200,105709,2441981,43
INFY,EQ,3-Sep-20,924,926.5,949.4,924,935.2,935.55,937.36,8828016,8275049706,130511,3361958,38.08
INFY,EQ,4-Sep-20,935.55,915,929.5,914.45,920.5,919.15,921.81,8650414,7974078251,146258,4241995,49.04
INFY,EQ,7-Sep-20,919.15,918.9,927.55,913.05,925.55,925.05,921.27,6700450,6172952177,101639,3112558,46.45
INFY,EQ,8-Sep-20,925.05,929.95,952,925.55,938.8,939.3,942.77,12892115,12154247390,200293,4736971,36.74
INFY,EQ,9-Sep-20,939.3,935,946,926,928.2,927.75,933.78,5529150,5163032077,133068,2390850,43.24
INFY,EQ,10-Sep-20,927.75,935.3,942,924.8,939.65,940.05,934.08,5172091,4831122432,101735,2082999,40.27
INFY,EQ,11-Sep-20,940.05,934.9,954.15,931,944.5,945.7,945.41,6672082,6307865396,124065,2587438,38.78
INFY,EQ,14-Sep-20,945.7,957,991.05,948.3,975,978.4,976.06,21871591,21347911660,342353,7898631,36.11
INFY,EQ,15-Sep-20,978.4,979.5,994,971.65,981.4,982.45,982.27,11608223,11402371129,252665,4776790,41.15
INFY,EQ,16-Sep-20,982.45,986,1005.65,982,1001.8,1001.75,991.46,10059392,9973473916,239939,4103847,40.8
INFY,EQ,17-Sep-20,1001.75,995,1021,995,1011,1011,1010.52,15628308,15792764186,340784,7204674,46.1
INFY,EQ,18-Sep-20,1011,1011,1018.8,999.1,1003.4,1002.15,1007.23,12897897,12991132019,228827,7647298,59.29
INFY,EQ,21-Sep-20,1002.15,1001,1031,1000.5,1007,1009.9,1019.34,14140790,14414221201,284118,5910877,41.8
INFY,EQ,22-Sep-20,1009.9,1009,1022.5,991.2,1008,1007.5,1007.79,12625775,12724148446,307283,4743936,37.57
INFY,EQ,23-Sep-20,1007.5,1020.15,1037,1008.1,1019.85,1019.75,1024.08,13486274,13810988923,258509,4569223,33.88
INFY,EQ,24-Sep-20,1019.75,1003,1009,970,977.75,975.4,986.71,14427463,14235738440,273411,6468889,44.84
INFY,EQ,25-Sep-20,975.4,975.8,1014.9,975,1006.6,1011.45,998.29,13311079,13288352062,230269,5010827,37.64
INFY,EQ,28-Sep-20,1011.45,1014.8,1016.15,998.5,1010.9,1010.4,1004.87,8554583,8596234609,165917,3569074,41.72
INFY,EQ,29-Sep-20,1010.4,1018,1028,1004.1,1013.85,1009,1016.65,8708572,8853558130,184552,2763406,31.73
INFY,EQ,30-Sep-20,1009,1009,1023.95,1005,1006,1008.25,1011.93,8049899,8145908490,141642,3906361,48.53
INFY,EQ,1-Oct-20,1008.25,1020.6,1026.5,1011.75,1018.7,1017.65,1016.4,5563432,5654650743,122973,2805180,50.42
INFY,EQ,5-Oct-20,1017.65,1018.05,1054.9,1018.05,1047.6,1048.7,1043.67,14212560,14833226247,239001,6831622,48.07
INFY,EQ,6-Oct-20,1048.7,1055,1060,1031.35,1056.45,1055.75,1044.46,9090819,9494983884,205608,4208832,46.3
INFY,EQ,7-Oct-20,1055.75,1044.9,1072,1035.5,1070.1,1066.55,1053.29,9284060,9778824469,176585,4299670,46.31
INFY,EQ,8-Oct-20,1066.55,1090,1124,1088.4,1094.5,1093.7,1105.97,21483024,23759656746,386362,7155542,33.31
INFY,EQ,9-Oct-20,1093.7,1095.1,1113.3,1088.45,1111.2,1106.8,1100.16,10567955,11626421247,173995,4167784,39.44
INFY,EQ,12-Oct-20,1106.8,1123,1140,1112.1,1139.2,1132.1,1125.5,14633780,16470282643,191485,6083892,41.57
INFY,EQ,13-Oct-20,1132.1,1135.55,1166.05,1135.55,1160,1157.8,1149.41,17524137,20142492308,316392,6796788,38.79
INFY,EQ,14-Oct-20,1157.8,1162,1164.9,1131.1,1138,1137,1144.19,16649731,19050428947,279112,6334380,38.04
INFY,EQ,15-Oct-20,1137,1180,1186,1092.5,1113.25,1108.25,1128.17,44288566,49965128164,697193,7348874,16.59
INFY,EQ,16-Oct-20,1108.25,1113.85,1135.95,1096.9,1129.5,1127.5,1118.76,18366133,20547237503,311640,4373549,23.81
INFY,EQ,19-Oct-20,1127.5,1135,1139,1115.3,1127.55,1125.9,1125,12902146,14514954127,215472,7226329,56.01
INFY,EQ,20-Oct-20,1125.9,1118.9,1144.7,1110,1135.9,1137.5,1136.69,10448852,11877155840,209442,4993783,47.79
INFY,EQ,21-Oct-20,1137.5,1141.15,1154.35,1135,1146.75,1148.35,1147.11,19811809,22726337788,283354,13640245,68.85
INFY,EQ,22-Oct-20,1148.35,1142,1158,1123.8,1135.35,1129.05,1138.64,11271538,12834266054,264809,5439757,48.26
INFY,EQ,23-Oct-20,1129.05,1133,1135,1120.15,1122.4,1122.5,1125.55,9070121,10208894083,152888,4907723,54.11
INFY,EQ,26-Oct-20,1122.5,1122.25,1129.6,1103.15,1114.2,1112.45,1115.89,6309643,7040841830,133779,2868270,45.46
INFY,EQ,27-Oct-20,1112.45,1105.7,1109.7,1077.15,1094.5,1090.85,1089.56,10172530,11083562406,261137,5201636,51.13
INFY,EQ,28-Oct-20,1090.85,1095.5,1104.75,1070.05,1077.5,1076.55,1086,7608413,8262761209,180559,3307306,43.47
INFY,EQ,29-Oct-20,1076.55,1070,1082,1060.1,1073,1074.85,1071.68,6935804,7432955729,140609,2710725,39.08
INFY,EQ,30-Oct-20,1074.85,1072,1083.6,1052.35,1060.4,1060.6,1064.99,8800436,9372342225,164698,3197426,36.33
INFY,EQ,2-Nov-20,1060.6,1065,1079.95,1051.1,1068.7,1072.3,1066.94,7183119,7663961600,137700,3553906,49.48
INFY,EQ,3-Nov-20,1072.3,1072,1079.4,1057.5,1062,1062.55,1066.37,7204782,7682963163,172016,3503843,48.63
INFY,EQ,4-Nov-20,1062.55,1068,1116,1066.8,1094.75,1093.95,1097.09,15702690,17227273082,307084,5588325,35.59
INFY,EQ,5-Nov-20,1093.95,1109.9,1123,1099,1104.95,1104,1108.49,9568890,10607037968,181645,4762858,49.77
INFY,EQ,6-Nov-20,1104,1108,1121.1,1091.7,1119,1112.75,1101.98,8807127,9705243124,154736,4236313,48.1
INFY,EQ,9-Nov-20,1112.75,1129.3,1146,1121.15,1135.1,1136.55,1133.25,10160320,11514169318,202222,4148739,40.83
INFY,EQ,10-Nov-20,1136.55,1113.85,1113.85,1078,1093.9,1091.05,1093.14,15622869,17077941183,395983,7600330,48.65
INFY,EQ,11-Nov-20,1091.05,1096,1126.35,1087,1123.5,1122.5,1108.04,12514800,13866920725,254701,5591969,44.68
INFY,EQ,12-Nov-20,1122.5,1128.1,1142,1113.75,1119.6,1117.75,1123.99,9180976,10319310973,196511,3958369,43.11
INFY,EQ,13-Nov-20,1117.75,1120,1133,1117,1123.45,1124.2,1124.07,6363212,7152675713,105048,2589226,40.69
INFY,EQ,14-Nov-20,1124.2,1137,1139.65,1131.1,1134,1133.45,1134.22,1136144,1288640516,41663,446947,39.34
INFY,EQ,17-Nov-20,1133.45,1144.75,1145,1112.65,1125.25,1123.7,1122.2,12813968,14379842098,190186,7463366,58.24
INFY,EQ,18-Nov-20,1123.7,1128.5,1132.7,1101.45,1111.25,1110.55,1111.01,9839468,10931765779,168106,6252183,63.54
INFY,EQ,19-Nov-20,1110.55,1100,1114.7,1093.8,1097,1096.75,1102.13,10092343,11123110241,179639,5447953,53.98
INFY,EQ,20-Nov-20,1096.75,1106,1109,1091.1,1104.45,1103.35,1101.92,8063554,8885377126,199981,4002454,49.64
INFY,EQ,23-Nov-20,1103.35,1105,1144.8,1101.95,1138.5,1139.85,1128.46,10546363,11901155594,200221,4951543,46.95
INFY,EQ,24-Nov-20,1139.85,1145,1154.9,1133.35,1140.15,1140.05,1142.6,8515426,9729744010,175511,2742945,32.21
INFY,EQ,25-Nov-20,1140.05,1137,1143.5,1111.25,1118.8,1115.65,1124.52,8958701,10074223660,220995,5048132,56.35
INFY,EQ,26-Nov-20,1115.65,1119.95,1119.95,1098.3,1118,1113.2,1105.6,10962256,12119904676,207324,5794530,52.86
INFY,EQ,27-Nov-20,1113.2,1118,1121,1091,1112.35,1100,1103.85,25306145,27934277724,238942,18969986,74.96
INFY,EQ,1-Dec-20,1100,1105.05,1140.25,1105.05,1137.05,1137.85,1129.13,8933802,10087463062,227850,4293005,48.05
INFY,EQ,2-Dec-20,1137.85,1134,1147.45,1121,1142,1140.9,1130.35,6741637,7620426543,153925,2686601,39.85
INFY,EQ,3-Dec-20,1140.9,1147,1147,1122.7,1125,1126.45,1128.63,16212632,18298022228,247732,10480192,64.64
INFY,EQ,4-Dec-20,1126.45,1125,1137,1115,1134.5,1134.65,1127.86,10564055,11914725948,167778,5755999,54.49
INFY,EQ,7-Dec-20,1134.65,1147.3,1153,1136,1142.95,1143.5,1142.07,7792141,8899186636,168273,4205599,53.97
INFY,EQ,8-Dec-20,1143.5,1145,1167,1145,1153,1153.35,1154.21,12308330,14206387607,272695,6171142,50.14
INFY,EQ,9-Dec-20,1153.35,1168.05,1179.5,1157,1176.55,1175.2,1169.97,10039346,11745774021,274494,5208984,51.89
INFY,EQ,10-Dec-20,1175.2,1157.4,1171.65,1150,1168,1167.75,1164.18,9488782,11046635083,295020,5527270,58.25
INFY,EQ,11-Dec-20,1167.75,1159.7,1171.95,1155.25,1165.2,1163.2,1163.84,10574009,12306503430,178023,7059725,66.76
INFY,EQ,14-Dec-20,1163.2,1169.4,1172.6,1148.2,1163.5,1164.55,1159.72,6728187,7802805824,186990,3574438,53.13
INFY,EQ,15-Dec-20,1164.55,1156,1163.7,1152,1154.4,1154.6,1156.78,6905926,7988669804,177326,3747407,54.26
INFY,EQ,16-Dec-20,1154.6,1160,1168.9,1153.6,1164,1165.7,1160.77,7788404,9040530195,158579,4190351,53.8
INFY,EQ,17-Dec-20,1165.7,1165.9,1168.9,1156.2,1158.6,1159.2,1162.88,6658153,7742601947,204147,3675884,55.21
INFY,EQ,18-Dec-20,1159.2,1182.85,1195,1175.6,1186,1189.8,1187.95,15995676,19002082922,279675,7480210,46.76
INFY,EQ,21-Dec-20,1189.8,1188,1209.75,1152.05,1174,1177.3,1192.94,10858352,12953347755,246658,3829220,35.27
INFY,EQ,22-Dec-20,1177.3,1182,1223.85,1176.1,1219.95,1220.5,1200.28,10901851,13085219235,249518,4259458,39.07
INFY,EQ,23-Dec-20,1220.5,1238,1258.85,1230.55,1252,1253.05,1245.77,15878346,19780713238,277251,6867798,43.25
INFY,EQ,24-Dec-20,1253.05,1249.9,1249.9,1226,1237.35,1236.05,1236.34,7313885,9042415623,172066,2637421,36.06
INFY,EQ,28-Dec-20,1236.05,1238.45,1248,1236,1239.45,1240.3,1240.58,4607051,5715406465,123013,2098658,45.55
INFY,EQ,29-Dec-20,1240.3,1235,1254.45,1235,1249.85,1250.3,1246.33,6878105,8572419679,132402,3219736,46.81
INFY,EQ,30-Dec-20,1250.3,1253,1253.3,1238.15,1244,1246.8,1247.48,5194690,6480283009,107704,2378603,45.79
INFY,EQ,31-Dec-20,1246.8,1243,1258.4,1239,1253.5,1255.8,1249.41,7430470,9283731808,117406,3974062,53.48
INFY,EQ,1-Jan-21,1255.8,1257.9,1265.5,1255.8,1259.5,1260.45,1261.66,4253550,5366530408,97445,1089987,25.63
INFY,EQ,4-Jan-21,1260.45,1269,1290,1261.15,1288,1288.25,1278.28,7208454,9214400329,189946,3343139,46.38
INFY,EQ,5-Jan-21,1288.25,1282,1299,1275.05,1290.35,1293.8,1289.82,8145280,10505964474,168537,3346702,41.09
INFY,EQ,6-Jan-21,1293.8,1300,1302,1268.05,1282.5,1282.1,1288.38,7161715,9226975582,178942,2780840,38.83
INFY,EQ,7-Jan-21,1282.1,1296,1297.65,1255.5,1266.5,1262.15,1266.59,10954918,13875416121,236192,5389517,49.2
INFY,EQ,8-Jan-21,1262.15,1278.25,1316.8,1278.25,1311.5,1312.1,1298.1,13186251,17117011225,227983,5653372,42.87
INFY,EQ,11-Jan-21,1312.1,1342.1,1383.35,1340,1375.95,1376.2,1366.8,20528626,28058554926,387124,6434782,31.35
INFY,EQ,12-Jan-21,1376.2,1378,1378,1360,1376.5,1371.75,1369.78,8309868,11382710088,264378,3655022,43.98
INFY,EQ,13-Jan-21,1371.75,1373.85,1392.8,1360,1388.65,1387.15,1378.96,14442997,19916243436,304458,6490234,44.94
INFY,EQ,14-Jan-21,1387.15,1360,1384,1318.45,1370.5,1370.5,1359.34,27521697,37411219055,530803,10370390,37.68
INFY,EQ,15-Jan-21,1370.5,1360,1364.45,1340,1343.4,1344.95,1352.96,15018441,20319423540,278300,8103557,53.96
INFY,EQ,18-Jan-21,1344.95,1338,1340,1306,1311,1312.05,1320.52,8861765,11702148822,230056,3963352,44.72
INFY,EQ,19-Jan-21,1312.05,1320,1331,1312,1319.35,1316.65,1320.27,5585744,7374694216,178275,2574937,46.1
INFY,EQ,20-Jan-21,1316.65,1320.55,1348.4,1320.55,1338.85,1339.45,1338.37,8225838,11009221846,195330,3198588,38.88
INFY,EQ,21-Jan-21,1339.45,1350,1361.05,1335,1342,1339.7,1344.32,6142421,8257354258,156050,3033502,49.39
INFY,EQ,22-Jan-21,1339.7,1327,1356,1326.55,1336,1340.85,1344.65,9646591,12971261022,188343,5913234,61.3
INFY,EQ,25-Jan-21,1340.85,1345,1347.9,1313,1335,1325.1,1337.58,6542611,8751273547,159466,3814914,58.31
INFY,EQ,27-Jan-21,1325.1,1319.6,1327.55,1285.1,1300.5,1301,1308.99,8133665,10646861260,285525,4665656,57.36
INFY,EQ,28-Jan-21,1301,1291.8,1296.45,1272.55,1276.5,1276.2,1283.02,4660690,5979774972,212130,2338859,50.18
INFY,EQ,29-Jan-21,1276.2,1286.25,1291.15,1231,1250,1239.05,1253.29,12183519,15269437395,268406,8230671,67.56
INFY,EQ,1-Feb-21,1239.05,1250.55,1277.95,1241,1267.1,1260.9,1255.6,8880279,11150104432,232672,4479182,50.44
INFY,EQ,2-Feb-21,1260.9,1280,1294.4,1263.6,1275.5,1271.25,1275.19,6892490,8789223157,168360,3386619,49.13
INFY,EQ,3-Feb-21,1271.25,1277.65,1304,1273,1285,1284.65,1289.14,8182968,10549003464,204774,4333962,52.96
INFY,EQ,4-Feb-21,1284.65,1285,1293.4,1272.05,1278.5,1279.35,1281.04,5032240,6446486331,148262,2611651,51.9
INFY,EQ,5-Feb-21,1279.35,1286.4,1288.75,1262,1273,1272.1,1270.01,5477481,6956468417,176339,2774704,50.66
INFY,EQ,8-Feb-21,1272.1,1285.5,1310,1275.5,1310,1303.55,1292.02,6921922,8943252910,198135,3121995,45.1
INFY,EQ,9-Feb-21,1303.55,1306.9,1332,1297.85,1308.1,1305.55,1317.89,7965949,10498269840,168139,3091429,38.81
INFY,EQ,10-Feb-21,1305.55,1295.8,1304.35,1283.6,1297,1296.5,1293.4,5951207,7697265668,175936,2693010,45.25
INFY,EQ,11-Feb-21,1296.5,1289,1296,1283.05,1292.2,1292.65,1289.54,4673317,6026438863,128045,2707694,57.94
INFY,EQ,12-Feb-21,1292.65,1305,1323.75,1301.55,1312,1309.8,1312.31,5797875,7608600803,142747,1168961,20.16
INFY,EQ,15-Feb-21,1309.8,1320,1328.4,1307.1,1312,1309.65,1317.42,4363513,5748561880,143342,2047482,46.92
INFY,EQ,16-Feb-21,1309.65,1314,1319.75,1286,1294.5,1290.4,1298.05,6896421,8951918994,285705,4050319,58.73
INFY,EQ,17-Feb-21,1290.4,1290.4,1294.5,1275,1280.5,1281.3,1283.76,4575741,5874133583,142040,2084387,45.55
INFY,EQ,18-Feb-21,1281.3,1276,1306,1275,1289.35,1292.45,1291.86,6437551,8316445821,178755,3406927,52.92
INFY,EQ,19-Feb-21,1292.45,1296.1,1299.5,1276.8,1293,1291.3,1288.37,5389696,6943924609,129418,2864493,53.15
INFY,EQ,22-Feb-21,1291.3,1295,1308.55,1260,1264.15,1265.2,1282.74,7371303,9455456934,205288,3748207,50.85
INFY,EQ,23-Feb-21,1265.2,1271.15,1291,1257.55,1268,1266.35,1270.87,6612942,8404181986,237023,3539785,53.53
INFY,EQ,24-Feb-21,1266.35,1260.05,1276.6,1252,1272.7,1274.3,1265.24,4537258,5740727001,125315,2383948,52.54
INFY,EQ,25-Feb-21,1274.3,1288.45,1299.75,1272,1275,1274.55,1283.44,8788221,11279133376,215308,5860547,66.69
INFY,EQ,26-Feb-21,1274.55,1269,1274.3,1244.75,1252,1253.3,1256.57,15132388,19014856542,296665,9161967,60.55
INFY,EQ,1-Mar-21,1253.3,1263.3,1284.5,1259,1271,1267,1271.66,5756286,7320037307,133035,3344135,58.1
INFY,EQ,2-Mar-21,1267,1282.25,1310,1279.2,1308.6,1304.5,1294.56,10461434,13542927955,182506,6551888,62.63
INFY,EQ,3-Mar-21,1304.5,1319.2,1347,1308,1340.95,1343.55,1329.25,9056399,12038222652,189231,4897964,54.08
INFY,EQ,4-Mar-21,1343.55,1335,1363.85,1325.9,1334.6,1330.35,1343.22,12041941,16174961452,225028,5289423,43.93
INFY,EQ,5-Mar-21,1330.35,1328.5,1340,1305.05,1320.05,1316.7,1322.67,6486176,8579075404,180930,3131285,48.28
INFY,EQ,8-Mar-21,1316.7,1324.8,1346.1,1317.2,1336.05,1335.75,1334.28,5119392,6830699262,126809,2621080,51.2
INFY,EQ,9-Mar-21,1335.75,1329.5,1350.45,1318.75,1344,1345.55,1334.21,6518173,8696584496,144157,3617807,55.5
INFY,EQ,10-Mar-21,1345.55,1356.9,1374,1355,1366.5,1368.15,1365.17,7925984,10820304084,177164,3965517,50.03
INFY,EQ,12-Mar-21,1368.15,1373,1391.7,1370.05,1375.3,1374.85,1381.13,9462061,13068374479,199285,6173518,65.24
INFY,EQ,15-Mar-21,1374.85,1370,1379.9,1358.5,1371.95,1373.6,1369.96,6658665,9122082516,174194,3687770,55.38
INFY,EQ,16-Mar-21,1373.6,1386.05,1406,1380.5,1384.6,1384,1391.2,9352771,13011543030,230871,5151968,55.08
INFY,EQ,17-Mar-21,1384,1392.25,1400,1382,1387.1,1387,1392.47,7626744,10620025456,157640,3955892,51.87
INFY,EQ,18-Mar-21,1387,1393.75,1393.75,1313.5,1341.8,1337.1,1347.8,10961755,14774234435,298042,5544994,50.58
INFY,EQ,19-Mar-21,1337.1,1330,1355.2,1318,1347.15,1344.45,1340.27,12767112,17111330913,235459,6608143,51.76
INFY,EQ,22-Mar-21,1344.45,1350.1,1376,1336.1,1371.1,1370.8,1355.94,4862758,6593605265,129112,2199710,45.24
INFY,EQ,23-Mar-21,1370.8,1372.45,1383.25,1359.6,1369.8,1371.55,1372.44,7165335,9833991116,164495,4362930,60.89
INFY,EQ,24-Mar-21,1371.55,1357.85,1370.45,1346.25,1355,1353.75,1357.63,6134303,8328138652,143327,3197000,52.12
INFY,EQ,25-Mar-21,1353.75,1346.75,1352.5,1327.6,1337.6,1333.8,1338.88,8749994,11715231221,184200,5246781,59.96
INFY,EQ,26-Mar-21,1333.8,1344.7,1356.7,1332,1338.7,1336.2,1340.61,4922071,6598564525,138471,2501215,50.82
INFY,EQ,30-Mar-21,1336.2,1346.9,1400,1336.15,1386.5,1385.3,1373.99,10546919,14491356278,227944,5618355,53.27
INFY,EQ,31-Mar-21,1385.3,1382,1388,1363.3,1367.3,1368.05,1370.72,8220987,11268677504,218153,4107507,49.96
INFY,EQ,1-Apr-21,1368.05,1380,1391.6,1371,1386,1385.2,1382.72,5675155,7847148795,146481,3176842,55.98
INFY,EQ,5-Apr-21,1385.2,1391,1425,1387,1415,1409.9,1406.84,9479572,13336273565,237018,3462914,36.53
INFY,EQ,6-Apr-21,1409.9,1423,1426,1406.45,1414,1411.05,1415.69,5793571,8201898840,153955,2555430,44.11
INFY,EQ,7-Apr-21,1411.05,1410.25,1434.95,1406.6,1430,1430.2,1422.23,5879234,8361600368,135633,2734437,46.51
INFY,EQ,8-Apr-21,1430.2,1430,1451.7,1421,1438.15,1439.85,1440.96,5654434,8147788509,179859,2480903,43.88
INFY,EQ,9-Apr-21,1439.85,1455,1455,1430.05,1441,1441.05,1441.23,6052712,8723370112,134860,2125177,35.11
INFY,EQ,12-Apr-21,1441.05,1474,1477.55,1415,1431.5,1425.75,1438.59,20384532,29325012715,477964,8931478,43.81
INFY,EQ,13-Apr-21,1425.75,1433,1435.25,1375,1402.85,1397.15,1394.92,14855206,20721814130,453578,6428451,43.27
INFY,EQ,15-Apr-21,1397.15,1332.3,1366.4,1320,1363.3,1360.75,1347.38,25342491,34145935656,678751,10516044,41.5
INFY,EQ,16-Apr-21,1360.75,1365,1370.85,1346.6,1348.1,1353.75,1358.97,10879878,14785392742,285474,5019567,46.14
INFY,EQ,19-Apr-21,1353.75,1340,1379.7,1332.35,1363,1362.55,1359.57,12508028,17005547107,260647,5617272,44.91
INFY,EQ,20-Apr-21,1362.55,1379,1379,1342.4,1349,1351.35,1357.18,8560766,11618460456,174560,4377456,51.13
INFY,EQ,22-Apr-21,1351.35,1355.55,1364.8,1345.15,1352,1351.1,1352.38,6622446,8956080142,203956,3342474,50.47
INFY,EQ,23-Apr-21,1351.1,1343,1348.4,1331,1333.9,1333.8,1339.49,7316262,9800084842,163801,4123289,56.36
INFY,EQ,26-Apr-21,1333.8,1332.25,1351.3,1321,1345,1343.55,1343.19,7088606,9521361287,130375,4218129,59.51
INFY,EQ,27-Apr-21,1343.55,1346,1353,1340.15,1347.5,1348.5,1346.89,3636115,4897445224,145974,1871084,51.46
INFY,EQ,28-Apr-21,1348.5,1358,1359.5,1344.6,1355.8,1356,1353.45,4879234,6603777602,137376,2857134,58.56
INFY,EQ,29-Apr-21,1356,1368,1369,1351.4,1356,1356.35,1360.05,5412357,7361090047,119277,3130945,57.85
INFY,EQ,30-Apr-21,1356.35,1346.3,1373.9,1345.9,1348.6,1354.35,1361.16,8354677,11372027785,131718,5408113,64.73
INFY,EQ,3-May-21,1354.35,1340.8,1361,1338,1349,1352.05,1350.88,4560337,6160448677,126788,2748838,60.28
INFY,EQ,4-May-21,1352.05,1354,1354.95,1324.1,1331,1329.4,1339.98,4887060,6548565378,158010,2857619,58.47
INFY,EQ,5-May-21,1329.4,1341.1,1343.9,1327.8,1343,1341.5,1337.33,3939788,5268794240,113183,2118097,53.76
INFY,EQ,6-May-21,1341.5,1345,1364.7,1337.4,1359.15,1361.6,1354.33,4810090,6514432065,128184,2458467,51.11
INFY,EQ,7-May-21,1361.6,1365.3,1373.05,1348.5,1352.7,1352.55,1357.23,4991435,6774539803,146974,2716830,54.43
INFY,EQ,10-May-21,1352.55,1349.85,1352.9,1335.05,1339.9,1339.55,1341.13,7195348,9649893780,160151,4685834,65.12
INFY,EQ,11-May-21,1339.55,1336.9,1341,1325.1,1332.05,1330.65,1330,6420988,8539945151,201614,4122605,64.21
INFY,EQ,12-May-21,1330.65,1330,1330,1314.5,1327.6,1327,1323.46,5241898,6937427272,143805,2933912,55.97
INFY,EQ,14-May-21,1327,1326.85,1326.85,1311.3,1320,1316.4,1316.25,4824609,6350387005,180008,2680794,55.57
INFY,EQ,17-May-21,1316.4,1320.3,1334.95,1320.3,1328.55,1329.4,1329.34,5017129,6669458544,118670,2842931,56.66
INFY,EQ,18-May-21,1329.4,1338,1344.6,1329.5,1338.75,1340,1338.06,5620150,7520081253,135851,3553759,63.23
INFY,EQ,19-May-21,1340,1342,1357.45,1333.25,1334.65,1337,1344.41,4435878,5963617810,135009,2099266,47.32
INFY,EQ,20-May-21,1337,1348.4,1349.1,1335,1341.95,1339.3,1340.8,4490092,6020330291,111007,2585662,57.59
INFY,EQ,21-May-21,1339.3,1347.5,1357.5,1346.35,1356,1354.5,1351.75,4969733,6717856343,153186,3292758,66.26
INFY,EQ,24-May-21,1354.5,1356.65,1363,1345.1,1349,1348.05,1352.41,4225371,5714441956,108054,2718187,64.33
INFY,EQ,25-May-21,1348.05,1358,1368,1354.45,1364,1361.6,1361.92,4099340,5582984591,129513,2523676,61.56
INFY,EQ,26-May-21,1361.6,1367.9,1400,1362.05,1395,1397.25,1386.91,6850024,9500378458,174833,3555403,51.9
INFY,EQ,27-May-21,1397.25,1404.2,1416.25,1391.7,1408.9,1402.25,1404.67,15365391,21583297999,250209,9964000,64.85
INFY,EQ,28-May-21,1402.25,1409.75,1414,1396.1,1407.7,1405.05,1406.44,4261312,5993259438,106771,2093923,49.14
INFY,EQ,31-May-21,1405.05,1401.5,1401.5,1383,1395,1393.75,1393.13,4429904,6171426113,145671,2372824,53.56
INFY,EQ,1-Jun-21,1393.75,1400,1401,1378.65,1388.95,1387.2,1385,4791325,6635964927,180376,2947100,61.51
INFY,EQ,2-Jun-21,1387.2,1380.75,1391.95,1365,1381,1378.65,1374.91,9272276,12748517787,186335,5545823,59.81
INFY,EQ,3-Jun-21,1378.65,1388.1,1399,1377.05,1390.8,1389.65,1385.81,5115645,7089319506,137141,2412413,47.16
INFY,EQ,4-Jun-21,1389.65,1393.95,1396.9,1377.65,1385.15,1385.65,1384.98,4194328,5809075427,109532,2560752,61.05
INFY,EQ,7-Jun-21,1385.65,1391,1392,1377.3,1390.5,1389.65,1384.88,5154576,7138486995,127520,3234781,62.76
INFY,EQ,8-Jun-21,1389.65,1396,1421.75,1395.55,1414,1412.95,1412.47,7360630,10396698470,188069,3748050,50.92
INFY,EQ,9-Jun-21,1412.95,1413.4,1425,1404.6,1415,1415.3,1415.72,5394317,7636846520,137139,3283589,60.87
INFY,EQ,10-Jun-21,1415.3,1424,1429,1419,1424.25,1424.3,1423.55,3496575,4977561087,121283,2254314,64.47
INFY,EQ,11-Jun-21,1424.3,1430.1,1451.6,1429.45,1446.05,1446.9,1443.02,6140828,8861316924,173378,3646591,59.38
INFY,EQ,14-Jun-21,1446.9,1471,1477,1453.45,1460,1461.8,1463.12,7132294,10435431661,147667,3839693,53.84
INFY,EQ,15-Jun-21,1461.8,1464,1476,1463,1474,1473.9,1469.83,5403104,7941636318,141422,3838503,71.04
INFY,EQ,16-Jun-21,1473.9,1472.7,1489.45,1467.5,1479.2,1480.6,1478.45,7661710,11327444063,162924,4968980,64.85
INFY,EQ,17-Jun-21,1480.6,1475.1,1502.65,1475.1,1501.2,1495.3,1487.78,7677951,11423116458,229654,5348161,69.66
INFY,EQ,18-Jun-21,1495.3,1509,1515.8,1487.4,1510,1503.3,1501.85,13533974,20326029670,240906,8120093,60
INFY,EQ,21-Jun-21,1503.3,1493,1505.8,1484.2,1501.25,1500.3,1496.92,5454052,8164276798,124524,3573308,65.52
INFY,EQ,22-Jun-21,1500.3,1509.7,1521.45,1502.1,1511.35,1511.85,1510.6,6427862,9709910031,127430,4445029,69.15
INFY,EQ,23-Jun-21,1511.85,1525,1525,1498.65,1503,1503.15,1508.29,5529809,8340557842,118288,3390584,61.31
INFY,EQ,24-Jun-21,1503.15,1517,1568.75,1511.2,1556.1,1559.2,1543.6,10785137,16647892220,263797,4248860,39.4
INFY,EQ,25-Jun-21,1559.2,1572,1578,1543,1574,1574.2,1565.12,9780240,15307252499,192643,5825533,59.56
INFY,EQ,28-Jun-21,1574.2,1572.9,1580.15,1560.6,1569.1,1571.8,1570.82,5019178,7884237903,136591,3354874,66.84
INFY,EQ,29-Jun-21,1571.8,1561,1573.65,1559.2,1562,1563.05,1564.66,5913567,9252700415,197132,3844762,65.02
INFY,EQ,30-Jun-21,1563.05,1572.05,1591,1572.05,1580,1580.8,1582.44,6058722,9587562982,167938,3226132,53.25
INFY,EQ,1-Jul-21,1580.8,1576.85,1576.85,1559.05,1561.95,1560.4,1565.56,4814317,7537112361,150925,2996603,62.24
INFY,EQ,2-Jul-21,1560.4,1558.95,1569.45,1542.6,1566.2,1567.8,1555.25,5166064,8034520020,136155,2950675,57.12
INFY,EQ,5-Jul-21,1567.8,1569.15,1585,1561.05,1583.65,1578.95,1572.73,4058338,6382678903,123094,2344829,57.78
INFY,EQ,6-Jul-21,1578.95,1573.7,1586.75,1557.1,1561,1562.2,1575.11,4089574,6441517705,120142,2272435,55.57
INFY,EQ,7-Jul-21,1562.2,1566.05,1570.55,1544.65,1562.5,1564.6,1560.32,4797120,7485054452,143812,2626080,54.74
INFY,EQ,8-Jul-21,1564.6,1568,1576,1549,1560.4,1560.75,1559.79,3326813,5189118228,158022,1738221,52.25
INFY,EQ,9-Jul-21,1560.75,1556,1569.9,1551,1564.9,1562.9,1562.12,3436594,5368362103,125788,1653066,48.1
INFY,EQ,12-Jul-21,1562.9,1570.55,1578,1533.75,1547,1547.85,1558.59,4588982,7152341637,145234,2493504,54.34
INFY,EQ,13-Jul-21,1547.85,1556.4,1556.4,1536.3,1545.5,1544.95,1542.74,4456160,6874707703,177123,2947213,66.14
INFY,EQ,14-Jul-21,1544.95,1554,1582.8,1538.1,1577.4,1576.9,1565.34,5657716,8856261427,169742,2104867,37.2
INFY,EQ,15-Jul-21,1576.9,1557.9,1596.85,1556,1579.85,1580.8,1581.74,10021355,15851201207,248472,3894143,38.86
INFY,EQ,16-Jul-21,1580.8,1573.75,1574.65,1549.6,1556.75,1555.45,1560.17,6265593,9775371404,191620,3985874,63.62
INFY,EQ,19-Jul-21,1555.45,1544.7,1552.9,1537.55,1544.55,1541.7,1542.32,5669162,8743641779,192818,4249320,74.95
INFY,EQ,20-Jul-21,1541.7,1538.3,1557.7,1538,1547,1550.05,1547.47,5069939,7845558519,138422,3498740,69.01
INFY,EQ,22-Jul-21,1550.05,1561.4,1592.85,1561.4,1588.95,1590.2,1580.7,7854575,12415707697,233651,5679233,72.3
INFY,EQ,23-Jul-21,1590.2,1588.55,1598.5,1585.05,1589,1590.45,1591.84,4179719,6653435201,144421,2547957,60.96
INFY,EQ,26-Jul-21,1590.45,1594.1,1611.65,1594.1,1603.05,1603.9,1606.06,4586710,7366526111,128901,2899200,63.21
INFY,EQ,27-Jul-21,1603.9,1605,1609.3,1597.9,1600.1,1602.55,1603.05,5892859,9446568394,108822,4605215,78.15
INFY,EQ,28-Jul-21,1602.55,1605.1,1607.6,1585.5,1607,1605.6,1597.48,4686788,7487050951,110822,3231462,68.95
INFY,EQ,29-Jul-21,1605.6,1600.1,1620,1600.1,1615.5,1617,1614.8,4660873,7526375522,144550,2926321,62.78
INFY,EQ,30-Jul-21,1617,1610,1623.4,1606.15,1611.75,1610.5,1613.35,6234257,10058016360,136907,4485149,71.94
INFY,EQ,2-Aug-21,1610.5,1627.45,1634.75,1619.2,1632,1631.55,1627.56,5553389,9038450771,123236,4318503,77.76
INFY,EQ,3-Aug-21,1631.55,1647,1658.65,1635.6,1657,1655.2,1645.86,5513668,9074703957,140415,3887460,70.51
INFY,EQ,4-Aug-21,1655.2,1669.1,1679.9,1639.05,1648.55,1649.25,1653.26,6740391,11143605331,152430,4752601,70.51
INFY,EQ,5-Aug-21,1649.25,1649.5,1666,1647.05,1652,1653.55,1655.81,5420536,8975400927,124049,3761486,69.39
INFY,EQ,6-Aug-21,1653.55,1657,1660.65,1644,1652.1,1650.2,1652.9,3754855,6206401477,100454,2558438,68.14
INFY,EQ,9-Aug-21,1650.2,1661,1667.45,1646.4,1664.4,1663.3,1656.74,5018477,8314309678,113096,3673439,73.2
INFY,EQ,10-Aug-21,1663.3,1668,1680,1661.05,1674.15,1677.25,1674.29,6846517,11463058438,135096,5175394,75.59
INFY,EQ,11-Aug-21,1677.25,1674.8,1684,1668,1675.1,1677.55,1676,4899639,8211808502,149326,3586596,73.2
INFY,EQ,12-Aug-21,1677.55,1679.15,1696.5,1674,1684.95,1689.6,1687.65,5659579,9551399368,152218,4217591,74.52
INFY,EQ,13-Aug-21,1689.6,1697,1722.5,1691.3,1713.95,1712.2,1707.76,5612790,9585318722,144604,3335284,59.42
INFY,EQ,16-Aug-21,1712.2,1707.7,1719.95,1690.1,1702.95,1704.4,1703.86,4564109,7776599068,181480,3300912,72.32
INFY,EQ,17-Aug-21,1704.4,1703.9,1748.9,1686.55,1737.4,1741.65,1730.04,9510390,16453341374,263393,6316007,66.41
INFY,EQ,18-Aug-21,1741.65,1729,1755.5,1727,1732,1733.45,1739.38,6686090,11629623310,193759,4490519,67.16
INFY,EQ,20-Aug-21,1733.45,1716.1,1745,1716.1,1729.5,1732.95,1734.19,6206972,10764080449,188065,3883003,62.56
INFY,EQ,23-Aug-21,1732.95,1735.75,1753.15,1732,1739.6,1738.75,1741.65,6189051,10779186292,170252,3872899,62.58
INFY,EQ,24-Aug-21,1738.75,1750,1757,1712.7,1721.5,1720.85,1729.85,7602939,13151981490,242564,5474553,72.01
INFY,EQ,25-Aug-21,1720.85,1718,1746.9,1718,1737.65,1735.55,1732.13,6153253,10658228275,140494,4174523,67.84
INFY,EQ,26-Aug-21,1735.55,1734,1746,1720,1723.4,1727.7,1734.31,5302248,9195716831,114055,3452873,65.12
INFY,EQ,27-Aug-21,1727.7,1725,1727.7,1705.2,1707.5,1708.8,1713.26,6698514,11476309164,179152,4706891,70.27
INFY,EQ,30-Aug-21,1708.8,1703.05,1718.65,1690.4,1699.85,1698.05,1700.86,6559667,11157103925,295734,4621506,70.45
INFY,EQ,31-Aug-21,1698.05,1700.15,1715,1685.85,1713,1706.45,1700.72,12255438,20843024214,219156,7696964,62.8
INFY,EQ,1-Sep-21,1706.45,1709.5,1709.5,1673.15,1677.05,1677.75,1684.25,7801974,13140486835,244163,5675014,72.74
INFY,EQ,2-Sep-21,1677.75,1677.35,1694.3,1662.65,1686.05,1689.1,1675.34,6830050,11442649484,258731,4566165,66.85
INFY,EQ,3-Sep-21,1689.1,1696.05,1705.95,1684.4,1700.5,1700.65,1698.12,5339139,9066475361,210049,3764063,70.5
INFY,EQ,6-Sep-21,1700.65,1705.15,1732,1699.35,1731.2,1730.4,1715.41,4876026,8364392786,183161,3078091,63.13
INFY,EQ,7-Sep-21,1730.4,1730,1734.9,1704,1708,1706.65,1713.51,3520341,6032143711,149711,2197436,62.42
INFY,EQ,8-Sep-21,1706.65,1700.85,1700.85,1682.95,1696.45,1693.25,1693.03,4584896,7762344324,153873,2785831,60.76
INFY,EQ,9-Sep-21,1693.25,1685.9,1694.9,1682.15,1687.95,1691.6,1689.02,3331674,5627248636,137087,1955364,58.69
INFY,EQ,13-Sep-21,1691.6,1683,1701.5,1675.2,1690.85,1691.9,1689.36,4662374,7876437378,187031,3223515,69.14
INFY,EQ,14-Sep-21,1691.9,1695.95,1695.95,1678.6,1686.5,1686.15,1688.38,4945167,8349299076,207112,3829313,77.44
INFY,EQ,15-Sep-21,1686.15,1693.25,1715.1,1690.2,1710.2,1711.45,1705.03,4062344,6926434283,187441,2528172,62.23
INFY,EQ,16-Sep-21,1711.45,1715.2,1719.25,1691.45,1702.05,1702.25,1701.12,3246568,5522817876,159668,2179368,67.13
INFY,EQ,17-Sep-21,1702.25,1697,1718,1684.45,1692,1691.3,1696.56,7454864,12647632624,123572,4936266,66.22
INFY,EQ,20-Sep-21,1691.3,1685,1707.7,1677.95,1687.4,1687.85,1695.88,5660743,9599964334,136341,3898202,68.86
INFY,EQ,21-Sep-21,1687.85,1700,1726.75,1684.65,1717.7,1718.45,1707.5,4672222,7977838675,138846,2854317,61.09
INFY,EQ,22-Sep-21,1718.45,1717,1738.9,1713.05,1715.65,1716.9,1727,4553892,7864586459,162450,2565643,56.34
INFY,EQ,23-Sep-21,1716.9,1732,1745,1721.1,1742.1,1742.55,1733.04,3826090,6630769718,151039,2542806,66.46
INFY,EQ,24-Sep-21,1742.55,1758,1788,1752.45,1763.8,1763.85,1772.2,8280446,14674577076,231499,4249574,51.32
INFY,EQ,27-Sep-21,1763.85,1768.75,1769,1718.1,1723,1721.15,1732.17,5045337,8739379305,227547,3353897,66.48
INFY,EQ,28-Sep-21,1721.15,1710,1710,1675,1686.3,1687.1,1687.94,6557197,11068146871,321289,4432200,67.59
INFY,EQ,29-Sep-21,1687.1,1659.25,1701.4,1655,1688.55,1692.25,1683.09,7792548,13115587857,252164,5097015,65.41
INFY,EQ,30-Sep-21,1692.25,1703,1703,1670.1,1679.5,1675.2,1682.12,6914031,11630225539,155817,4013029,58.04
INFY,EQ,1-Oct-21,1675.2,1665.1,1678.95,1661.25,1665.6,1665.15,1670.32,5733906,9577431061,166006,4139955,72.2
INFY,BL,4-Oct-21,738.95,1665.15,1665.15,1665.15,1665.15,1665.15,1665.15,3229757,5378029869,1,-,-
INFY,EQ,4-Oct-21,1665.15,1672.5,1688,1665.4,1681.9,1678.75,1678.53,2947154,4946872978,122901,1900709,64.49
INFY,EQ,5-Oct-21,1678.75,1671,1702.95,1663,1691.7,1692.8,1677.62,4373310,7336751142,174119,2453697,56.11
INFY,EQ,6-Oct-21,1692.8,1702.1,1709,1670,1672.65,1673.55,1682.79,4271698,7188385187,168805,2859420,66.94
INFY,EQ,7-Oct-21,1673.55,1687,1704.2,1676.65,1690.35,1691,1693.19,5476108,9272107761,142352,3855195,70.4
INFY,EQ,8-Oct-21,1691,1705.25,1731.5,1698.4,1723.85,1723.85,1719.42,4738376,8147261440,223183,2484109,52.43
INFY,EQ,11-Oct-21,1723.85,1682,1730,1663.7,1693,1690.95,1698.64,8840633,15017023821,264208,4763503,53.88
INFY,EQ,12-Oct-21,1690.95,1677,1689,1662,1688,1685.15,1677.23,7439300,12477416052,258781,3823146,51.39
INFY,EQ,13-Oct-21,1685.15,1695.95,1713.65,1680.05,1705,1709.2,1697.94,7104171,12062453914,273495,4375894,61.6
INFY,EQ,14-Oct-21,1709.2,1754,1783.6,1698.2,1714,1715.75,1738.12,19655776,34164007327,428428,9689787,49.3
INFY,EQ,18-Oct-21,1715.75,1740,1799,1740,1798,1792.15,1770.72,13438109,23795103035,310783,9274584,69.02
INFY,EQ,19-Oct-21,1792.15,1814,1834.5,1782.3,1823.5,1822.15,1818.83,10324260,18778087117,236442,6341209,61.42
INFY,EQ,20-Oct-21,1822.15,1829.4,1848,1794.05,1797.4,1802.35,1819.25,5876115,10690134352,193075,3320472,56.51
INFY,EQ,21-Oct-21,1802.35,1814,1814,1746.85,1757,1753.65,1768.17,8779629,15523851574,227646,5699645,64.92
INFY,EQ,22-Oct-21,1753.65,1749.9,1763.2,1707,1717.85,1719.8,1728.28,7369809,12737099865,231471,4865170,66.01
INFY,EQ,25-Oct-21,1719.8,1722.05,1729.75,1687.2,1708.4,1707.55,1700.04,5905209,10039080678,175289,4000395,67.74
INFY,EQ,26-Oct-21,1707.55,1710.05,1726.6,1695.9,1707.95,1703.7,1704.53,5871709,10008498840,163478,3860399,65.75
INFY,EQ,27-Oct-21,1703.7,1709.1,1734.15,1701.15,1726.55,1728.95,1718.39,5090259,8747027005,174841,3107757,61.05
INFY,EQ,28-Oct-21,1728.95,1719.35,1724.75,1692.05,1705.85,1703.9,1710.08,5329972,9114701909,194339,3591576,67.38
INFY,EQ,29-Oct-21,1703.9,1699,1712.6,1661.05,1671,1667.75,1687.51,5875091,9914259073,212408,3201958,54.5
INFY,EQ,1-Nov-21,1667.75,1677.5,1707.2,1676,1701.35,1700.05,1695.58,3636806,6166483836,156714,2022059,55.6
INFY,EQ,2-Nov-21,1700.05,1695,1706.45,1686.35,1699,1697.9,1696.02,3471772,5888203296,132426,2454078,70.69
INFY,EQ,3-Nov-21,1697.9,1709,1717.45,1699,1703.6,1702.5,1707.08,3530713,6027214982,159185,2377721,67.34
INFY,EQ,4-Nov-21,1702.5,1715,1717,1705,1705.5,1708.7,1710.56,483407,826894810.3,45697,328812,68.02
INFY,EQ,8-Nov-21,1708.7,1730,1741,1703,1740,1737.5,1727.82,5245903,9063983394,194006,3687695,70.3
INFY,EQ,9-Nov-21,1737.5,1734.75,1750,1726,1740.7,1742.5,1741.18,4016134,6992803830,141964,2760097,68.73
INFY,EQ,10-Nov-21,1742.5,1726,1750.95,1721.95,1742,1740.15,1737.49,4780368,8305852157,115801,3420233,71.55
INFY,EQ,11-Nov-21,1740.15,1732.95,1739.75,1709,1735,1733.3,1723.79,4731349,8155869538,128994,3365758,71.14
INFY,EQ,12-Nov-21,1733.3,1743,1782.85,1738.05,1779.5,1780.2,1766.51,5069009,8954436975,142273,3421192,67.49
INFY,EQ,15-Nov-21,1780.2,1782.1,1800,1775.5,1785,1787.15,1793.71,4354074,7809957009,154854,2972173,68.26
INFY,EQ,16-Nov-21,1787.15,1790,1808.95,1777,1791.4,1792.3,1797.43,6034233,10846091249,173120,4449743,73.74
INFY,EQ,17-Nov-21,1792.3,1792.55,1802,1780.7,1790.55,1787.45,1792.6,4732492,8483456714,195585,3566579,75.36
INFY,EQ,18-Nov-21,1787.45,1781.6,1789.45,1759,1774,1779.4,1773.94,4326924,7675682400,154647,3096489,71.56
INFY,EQ,22-Nov-21,1779.4,1784,1785.4,1751.15,1760.25,1759.4,1766.39,6621839,11696747301,170729,5212759,78.72
INFY,EQ,23-Nov-21,1759.4,1735.1,1747.25,1710,1727.5,1736.9,1732.65,8436160,14616871616,228363,6315371,74.86
INFY,EQ,24-Nov-21,1736.9,1740,1740.5,1688,1690.2,1696,1712.88,7333061,12560636399,261744,4858944,66.26
INFY,EQ,25-Nov-21,1696,1700,1726.2,1696.95,1722.5,1722.4,1715.34,4476260,7678310604,141756,2859354,63.88
INFY,EQ,26-Nov-21,1722.4,1702.55,1718.35,1684,1689.55,1691.65,1701.47,4494181,7646702666,189716,2981159,66.33
